{"meta":{"exported_on":1381604421698,"version":"000"},"data":{"posts":[{"id":1,"uuid":"2c111ffb-d419-4121-af8b-05361577f7db","title":"Post Using All Markdown Options","slug":"post-using-all-markdown-options","markdown":"# H1 Heading\n\nLorem **ipsum** dolor sit ~~amet~~, consectetuer __adipiscing__ elit. Sed `eleifend` urna eu sapien. Quisque posuere nunc eu massa. Praesent bibendum lorem non leo. Morbi volutpat, urna eu fermentum rutrum, ligula lacus interdum mauris, ac pulvinar libero pede a enim. Etiam commodo malesuada ante. Donec nec ligula. Curabitur mollis semper diam.\n\n* Item number one\n* Item number two\n    * A nested item\n* A final item\n\nor with numbers!\n\n1. Remember to buy some milk\n2. Drink the milk\n3. Tweet that I remembered to buy the milk, and drank it\n\n### Links\n\nWant to link to a source? No problem. If you paste in url, like http://ghost.org - it'll automatically be linked up. But if you want to customise your anchor text, you can do that too! Here's a link to [the Ghost website](http://ghost.org). Neat.\n\n### What about Images?\n\nImages work too! Already know the URL of the image you want to include in your article? Simply paste it in like this to make it show up:\n\n![The Ghost Logo](http://tryghost.org/ghost.png)\n\nNot sure which image you want to use yet? That's ok too. Leave yourself a descriptive placeholder and keep writing. Come back later and drag and drop the image in to upload:\n\n![A bowl of bananas]\n\n\n### Quoting\n\nSometimes a link isn't enough, you want to quote someone on what they've said. It was probably very wisdomous. Is wisdomous a word? Find out in a future release when we introduce spellcheck! For now - it's definitely a word.\n\n> Wisdomous - it's definitely a word.\n\n### Code\n\n    cd /var/www/ghost/\n    npm start --production\n    \nThe other option for `code` is to use the inline code option.\n\n### Horizontal Divider\n\n---\n\n### Input Field\n\n<input type=\"text\" placeholder=\"I'm an input field!\" />\n\n\nEtiam et sapien. Pellentesque nec quam a justo tincidunt laoreet. Aenean id enim. Donec lorem arcu, eleifend venenatis, rhoncus mollis, semper at, dui.\n\n#H1 Heading\n\nLorem ipsum dolor sit amet, consectetuer adipiscing elit. Sed eleifend urna eu sapien. Quisque posuere nunc eu massa. Praesent bibendum lorem non leo. Morbi volutpat, urna eu fermentum rutrum, ligula lacus interdum mauris, ac pulvinar libero pede a enim. Etiam commodo malesuada ante. Donec nec ligula. Curabitur mollis semper diam.\n\n##H2 Heading\n\nDuis viverra nibh a felis condimentum pretium. Nullam tristique lacus non purus. Donec vel felis. Etiam et sapien. Pellentesque nec quam a justo tincidunt laoreet. Aenean id enim. Donec lorem arcu, eleifend venenatis, rhoncus mollis, semper at, dui. Praesent velit tellus, adipiscing et, blandit convallis, dictum at, dui. Integer suscipit tortor in orci. Phasellus consequat. Quisque dictum convallis pede.\n\n###H3 Heading\n\nMauris viverra scelerisque mauris. Nulla facilisis, elit malesuada pretium egestas, dolor arcu commodo est, at egestas massa tortor ut ante. Etiam eget libero. Aenean pretium, tellus sed sodales semper, turpis purus aliquet orci, pulvinar ornare odio tortor sit amet dui.\n\n####H4 Heading\n\nAenean id orci. Cum sociis natoque penatibus et magnis dis parturient montes, nascetur ridiculus mus. Vivamus magna. Mauris tincidunt iaculis enim. Duis a mi vitae sapien dapibus tincidunt. Proin metus.\n\n#####H5 Heading\n\nProin cursus, libero non auctor faucibus, urna mi vestibulum orci, sit amet fermentum nibh purus eget enim. Aenean aliquet ligula nec nulla. Praesent sit amet lorem vitae massa hendrerit auctor. Sed sit amet urna. Aenean sapien nunc, imperdiet a, pharetra in, consequat eu, neque. Phasellus vel sem gravida augue consequat tempor. Curabitur eget mauris at pede varius facilisis.\n\n######H6 Heading\n\nMauris viverra scelerisque mauris. Nulla facilisis, elit malesuada pretium egestas, dolor arcu commodo est, at egestas massa tortor ut ante. Etiam eget libero. Aenean pretium, tellus sed sodales semper, turpis purus aliquet orci, pulvinar ornare odio tortor sit amet dui.","html":"<h1 id=\"h1heading\">H1 Heading</h1>\n\n<p>Lorem <strong>ipsum</strong> dolor sit <del>amet</del>, consectetuer <strong>adipiscing</strong> elit. Sed <code>eleifend</code> urna eu sapien. Quisque posuere nunc eu massa. Praesent bibendum lorem non leo. Morbi volutpat, urna eu fermentum rutrum, ligula lacus interdum mauris, ac pulvinar libero pede a enim. Etiam commodo malesuada ante. Donec nec ligula. Curabitur mollis semper diam.</p>\n\n<ul>\n<li>Item number one</li>\n<li>Item number two\n<ul><li>A nested item</li></ul></li>\n<li>A final item</li>\n</ul>\n\n<p>or with numbers!</p>\n\n<ol>\n<li>Remember to buy some milk  </li>\n<li>Drink the milk  </li>\n<li>Tweet that I remembered to buy the milk, and drank it</li>\n</ol>\n\n<h3 id=\"links\">Links</h3>\n\n<p>Want to link to a source? No problem. If you paste in url, like <a href='http://ghost.org'>http://ghost.org</a> - it'll automatically be linked up. But if you want to customise your anchor text, you can do that too! Here's a link to <a href=\"http://ghost.org\">the Ghost website</a>. Neat.</p>\n\n<h3 id=\"whataboutimages\">What about Images?</h3>\n\n<p>Images work too! Already know the URL of the image you want to include in your article? Simply paste it in like this to make it show up:</p>\n\n<p><img src=\"http://tryghost.org/ghost.png\" alt=\"The Ghost Logo\" /></p>\n\n<p>Not sure which image you want to use yet? That's ok too. Leave yourself a descriptive placeholder and keep writing. Come back later and drag and drop the image in to upload:</p>\n\n<h3 id=\"quoting\">Quoting</h3>\n\n<p>Sometimes a link isn't enough, you want to quote someone on what they've said. It was probably very wisdomous. Is wisdomous a word? Find out in a future release when we introduce spellcheck! For now - it's definitely a word.</p>\n\n<blockquote>\n  <p>Wisdomous - it's definitely a word.</p>\n</blockquote>\n\n<h3 id=\"code\">Code</h3>\n\n<pre><code>cd /var/www/ghost/\nnpm start --production\n</code></pre>\n\n<p>The other option for <code>code</code> is to use the inline code option.</p>\n\n<h3 id=\"horizontaldivider\">Horizontal Divider</h3>\n\n<hr />\n\n<h3 id=\"inputfield\">Input Field</h3>\n\n<p><input type=\"text\" placeholder=\"I'm an input field!\" /></p>\n\n<p>Etiam et sapien. Pellentesque nec quam a justo tincidunt laoreet. Aenean id enim. Donec lorem arcu, eleifend venenatis, rhoncus mollis, semper at, dui.</p>\n\n<h1 id=\"h1heading\">H1 Heading</h1>\n\n<p>Lorem ipsum dolor sit amet, consectetuer adipiscing elit. Sed eleifend urna eu sapien. Quisque posuere nunc eu massa. Praesent bibendum lorem non leo. Morbi volutpat, urna eu fermentum rutrum, ligula lacus interdum mauris, ac pulvinar libero pede a enim. Etiam commodo malesuada ante. Donec nec ligula. Curabitur mollis semper diam.</p>\n\n<h2 id=\"h2heading\">H2 Heading</h2>\n\n<p>Duis viverra nibh a felis condimentum pretium. Nullam tristique lacus non purus. Donec vel felis. Etiam et sapien. Pellentesque nec quam a justo tincidunt laoreet. Aenean id enim. Donec lorem arcu, eleifend venenatis, rhoncus mollis, semper at, dui. Praesent velit tellus, adipiscing et, blandit convallis, dictum at, dui. Integer suscipit tortor in orci. Phasellus consequat. Quisque dictum convallis pede.</p>\n\n<h3 id=\"h3heading\">H3 Heading</h3>\n\n<p>Mauris viverra scelerisque mauris. Nulla facilisis, elit malesuada pretium egestas, dolor arcu commodo est, at egestas massa tortor ut ante. Etiam eget libero. Aenean pretium, tellus sed sodales semper, turpis purus aliquet orci, pulvinar ornare odio tortor sit amet dui.</p>\n\n<h4 id=\"h4heading\">H4 Heading</h4>\n\n<p>Aenean id orci. Cum sociis natoque penatibus et magnis dis parturient montes, nascetur ridiculus mus. Vivamus magna. Mauris tincidunt iaculis enim. Duis a mi vitae sapien dapibus tincidunt. Proin metus.</p>\n\n<h5 id=\"h5heading\">H5 Heading</h5>\n\n<p>Proin cursus, libero non auctor faucibus, urna mi vestibulum orci, sit amet fermentum nibh purus eget enim. Aenean aliquet ligula nec nulla. Praesent sit amet lorem vitae massa hendrerit auctor. Sed sit amet urna. Aenean sapien nunc, imperdiet a, pharetra in, consequat eu, neque. Phasellus vel sem gravida augue consequat tempor. Curabitur eget mauris at pede varius facilisis.</p>\n\n<h6 id=\"h6heading\">H6 Heading</h6>\n\n<p>Mauris viverra scelerisque mauris. Nulla facilisis, elit malesuada pretium egestas, dolor arcu commodo est, at egestas massa tortor ut ante. Etiam eget libero. Aenean pretium, tellus sed sodales semper, turpis purus aliquet orci, pulvinar ornare odio tortor sit amet dui.</p>","image":null,"featured":0,"page":0,"status":"published","language":"en_US","meta_title":null,"meta_description":null,"author_id":1,"created_at":1381599915201,"created_by":1,"updated_at":1381604393381,"updated_by":1,"published_at":1381599915221,"published_by":1},{"id":3,"uuid":"1176e7af-09c6-479e-9623-eabcb69f1ba2","title":"Unordered List","slug":"unordered-list","markdown":"Lorem ipsum dolor sit amet, consectetuer adipiscing elit. Curabitur quam augue, vehicula quis, tincidunt vel, varius vitae, nulla. Sed convallis orci. Duis libero orci, pretium a, convallis quis, pellentesque a, dolor. Curabitur vitae nisi non dolor vestibulum consequat.\n\n\n* Vestibulum in mauris semper tortor interdum ultrices.\n\t* convallis orci\n    * vestibulum consequat\n* Sed vel lorem et justo laoreet bibendum. Donec dictum.\n* Etiam massa libero, lacinia at, commodo in, tincidunt a, purus.\n\t* tincidunt\n    \t* nulla\n        * vitae\n        \t* consequat\n    * Curabitur\n* Praesent volutpat eros quis enim blandit tincidunt.\n* Aenean eu libero nec lectus ultricies laoreet. \n\t* eros quis\n    * tincidunt\n* Donec rutrum, nisi vel egestas ultrices, ipsum urna sagittis libero, vitae vestibulum dui dolor vel velit.\n","html":"<p>Lorem ipsum dolor sit amet, consectetuer adipiscing elit. Curabitur quam augue, vehicula quis, tincidunt vel, varius vitae, nulla. Sed convallis orci. Duis libero orci, pretium a, convallis quis, pellentesque a, dolor. Curabitur vitae nisi non dolor vestibulum consequat.</p>\n\n<ul>\n<li>Vestibulum in mauris semper tortor interdum ultrices.\n<ul><li>convallis orci</li>\n<li>vestibulum consequat</li></ul></li>\n<li>Sed vel lorem et justo laoreet bibendum. Donec dictum.</li>\n<li>Etiam massa libero, lacinia at, commodo in, tincidunt a, purus.\n<ul><li>tincidunt\n<ul><li>nulla</li>\n<li>vitae\n<ul><li>consequat</li></ul></li></ul></li>\n<li>Curabitur</li></ul></li>\n<li>Praesent volutpat eros quis enim blandit tincidunt.</li>\n<li>Aenean eu libero nec lectus ultricies laoreet. \n<ul><li>eros quis</li>\n<li>tincidunt</li></ul></li>\n<li>Donec rutrum, nisi vel egestas ultrices, ipsum urna sagittis libero, vitae vestibulum dui dolor vel velit.</li>\n</ul>","image":null,"featured":0,"page":0,"status":"published","language":"en_US","meta_title":null,"meta_description":null,"author_id":1,"created_at":1381600136470,"created_by":1,"updated_at":1381603339050,"updated_by":1,"published_at":1378926000000,"published_by":1},{"id":6,"uuid":"ccf8d22c-7180-4f7d-8c3a-3cd09b82e950","title":"Another Text Only Post","slug":"another-text-only-post","markdown":"Lorem ipsum dolor sit amet, consectetuer adipiscing elit. Sed eleifend urna eu sapien. Quisque posuere nunc eu massa. Praesent bibendum lorem non leo. Morbi volutpat, urna eu fermentum rutrum, ligula lacus interdum mauris, ac pulvinar libero pede a enim. Etiam commodo malesuada ante. Donec nec ligula. Curabitur mollis semper diam.\n\nDuis viverra nibh a felis condimentum pretium. Nullam tristique lacus non purus. Donec vel felis. Etiam et sapien. Pellentesque nec quam a justo tincidunt laoreet. Aenean id enim. Donec lorem arcu, eleifend venenatis, rhoncus mollis, semper at, dui. Praesent velit tellus, adipiscing et, blandit convallis, dictum at, dui. Integer suscipit tortor in orci. Phasellus consequat. Quisque dictum convallis pede.\n\nMauris viverra scelerisque mauris. Nulla facilisis, elit malesuada pretium egestas, dolor arcu commodo est, at egestas massa tortor ut ante. Etiam eget libero. Aenean pretium, tellus sed sodales semper, turpis purus aliquet orci, pulvinar ornare odio tortor sit amet dui.\n\nAenean id orci. Cum sociis natoque penatibus et magnis dis parturient montes, nascetur ridiculus mus. Vivamus magna. Mauris tincidunt iaculis enim. Duis a mi vitae sapien dapibus tincidunt. Proin metus.\n\nProin cursus, libero non auctor faucibus, urna mi vestibulum orci, sit amet fermentum nibh purus eget enim. Aenean aliquet ligula nec nulla. Praesent sit amet lorem vitae massa hendrerit auctor. Sed sit amet urna. Aenean sapien nunc, imperdiet a, pharetra in, consequat eu, neque. Phasellus vel sem gravida augue consequat tempor. Curabitur eget mauris at pede varius facilisis.\n\nMorbi ut sapien. Morbi arcu mauris, suscipit congue, placerat sit amet, suscipit a, ante. Donec aliquet dui ac nunc. Mauris magna quam, aliquet quis, viverra eu, fringilla eget, purus. Donec tristique pretium sem.","html":"<p>Lorem ipsum dolor sit amet, consectetuer adipiscing elit. Sed eleifend urna eu sapien. Quisque posuere nunc eu massa. Praesent bibendum lorem non leo. Morbi volutpat, urna eu fermentum rutrum, ligula lacus interdum mauris, ac pulvinar libero pede a enim. Etiam commodo malesuada ante. Donec nec ligula. Curabitur mollis semper diam.</p>\n\n<p>Duis viverra nibh a felis condimentum pretium. Nullam tristique lacus non purus. Donec vel felis. Etiam et sapien. Pellentesque nec quam a justo tincidunt laoreet. Aenean id enim. Donec lorem arcu, eleifend venenatis, rhoncus mollis, semper at, dui. Praesent velit tellus, adipiscing et, blandit convallis, dictum at, dui. Integer suscipit tortor in orci. Phasellus consequat. Quisque dictum convallis pede.</p>\n\n<p>Mauris viverra scelerisque mauris. Nulla facilisis, elit malesuada pretium egestas, dolor arcu commodo est, at egestas massa tortor ut ante. Etiam eget libero. Aenean pretium, tellus sed sodales semper, turpis purus aliquet orci, pulvinar ornare odio tortor sit amet dui.</p>\n\n<p>Aenean id orci. Cum sociis natoque penatibus et magnis dis parturient montes, nascetur ridiculus mus. Vivamus magna. Mauris tincidunt iaculis enim. Duis a mi vitae sapien dapibus tincidunt. Proin metus.</p>\n\n<p>Proin cursus, libero non auctor faucibus, urna mi vestibulum orci, sit amet fermentum nibh purus eget enim. Aenean aliquet ligula nec nulla. Praesent sit amet lorem vitae massa hendrerit auctor. Sed sit amet urna. Aenean sapien nunc, imperdiet a, pharetra in, consequat eu, neque. Phasellus vel sem gravida augue consequat tempor. Curabitur eget mauris at pede varius facilisis.</p>\n\n<p>Morbi ut sapien. Morbi arcu mauris, suscipit congue, placerat sit amet, suscipit a, ante. Donec aliquet dui ac nunc. Mauris magna quam, aliquet quis, viverra eu, fringilla eget, purus. Donec tristique pretium sem.</p>","image":null,"featured":0,"page":0,"status":"published","language":"en_US","meta_title":null,"meta_description":null,"author_id":1,"created_at":1381600136475,"created_by":1,"updated_at":1381602598150,"updated_by":1,"published_at":1378926000000,"published_by":1},{"id":8,"uuid":"a6da0a07-04fe-4340-a0be-3a9b6b2e3303","title":"Quotes and Double Quotes","slug":"quotes","markdown":"Lorem ipsum dolor sit amet, consectetuer adipiscing elit. Curabitur quam augue, vehicula quis, tincidunt vel, varius vitae, nulla. Sed convallis orci. Duis libero orci, pretium a, convallis quis, pellentesque a, dolor. Curabitur vitae nisi non dolor vestibulum consequat.\n\n> Proin vestibulum. Ut ligula. Nullam sed dolor id odio volutpat pulvinar. Integer a leo. In et eros at neque pretium sagittis. Sed sodales lorem a ipsum suscipit gravida. Ut fringilla placerat arcu. Phasellus imperdiet. Mauris ac justo et turpis pharetra vulputate.\n\nLorem ipsum dolor sit amet, consectetuer adipiscing elit. Curabitur quam augue, vehicula quis, tincidunt vel, varius vitae, nulla. Sed convallis orci. Duis libero orci, pretium a, convallis quis, pellentesque a, dolor. Curabitur vitae nisi non dolor vestibulum consequat.\n\n>>Proin vestibulum. Ut ligula. Nullam sed dolor id odio volutpat pulvinar. Integer a leo. In et eros at neque pretium sagittis. Sed sodales lorem a ipsum suscipit gravida. Ut fringilla placerat arcu. Phasellus imperdiet. Mauris ac justo et turpis pharetra vulputate.","html":"<p>Lorem ipsum dolor sit amet, consectetuer adipiscing elit. Curabitur quam augue, vehicula quis, tincidunt vel, varius vitae, nulla. Sed convallis orci. Duis libero orci, pretium a, convallis quis, pellentesque a, dolor. Curabitur vitae nisi non dolor vestibulum consequat.</p>\n\n<blockquote>\n  <p>Proin vestibulum. Ut ligula. Nullam sed dolor id odio volutpat pulvinar. Integer a leo. In et eros at neque pretium sagittis. Sed sodales lorem a ipsum suscipit gravida. Ut fringilla placerat arcu. Phasellus imperdiet. Mauris ac justo et turpis pharetra vulputate.</p>\n</blockquote>\n\n<p>Lorem ipsum dolor sit amet, consectetuer adipiscing elit. Curabitur quam augue, vehicula quis, tincidunt vel, varius vitae, nulla. Sed convallis orci. Duis libero orci, pretium a, convallis quis, pellentesque a, dolor. Curabitur vitae nisi non dolor vestibulum consequat.</p>\n\n<blockquote>\n  <blockquote>\n    <p>Proin vestibulum. Ut ligula. Nullam sed dolor id odio volutpat pulvinar. Integer a leo. In et eros at neque pretium sagittis. Sed sodales lorem a ipsum suscipit gravida. Ut fringilla placerat arcu. Phasellus imperdiet. Mauris ac justo et turpis pharetra vulputate.</p>\n  </blockquote>\n</blockquote>","image":null,"featured":0,"page":0,"status":"published","language":"en_US","meta_title":null,"meta_description":null,"author_id":1,"created_at":1381600136478,"created_by":1,"updated_at":1381602511593,"updated_by":1,"published_at":1378926000000,"published_by":1},{"id":12,"uuid":"3f1163e6-beb7-4deb-9e0a-7dfaa3b7e76c","title":"Ordered List","slug":"ordered-list","markdown":"Nulla sagittis convallis arcu. Sed sed nunc. Curabitur consequat. Quisque metus enim, venenatis fermentum, mollis in, porta et, nibh. Duis vulputate elit in elit. Mauris dictum libero id justo. Fusce in est. Sed nec diam. Pellentesque habitant morbi tristique senectus et netus et malesuada fames ac turpis egestas. Quisque semper nibh eget nibh. Sed tempor. Fusce erat.\n\n### An Ordered List\n\n1. Vestibulum in mauris semper tortor interdum ultrices.\n\t1. morbi tristique senectus\n    2. nibh eget nibh\n2. Sed vel lorem et justo laoreet bibendum. Donec dictum.\n3. Etiam massa libero, lacinia at, commodo in, tincidunt a, purus.\n4. Praesent volutpat eros quis enim blandit tincidunt.\n5. Aenean eu libero nec lectus ultricies laoreet. \n\t1. sagittis convallis arcu\n    2. dictum\n    3. tempor\n6. Donec rutrum, nisi vel egestas ultrices, ipsum urna sagittis libero, vitae vestibulum dui dolor vel velit.\n","html":"<p>Nulla sagittis convallis arcu. Sed sed nunc. Curabitur consequat. Quisque metus enim, venenatis fermentum, mollis in, porta et, nibh. Duis vulputate elit in elit. Mauris dictum libero id justo. Fusce in est. Sed nec diam. Pellentesque habitant morbi tristique senectus et netus et malesuada fames ac turpis egestas. Quisque semper nibh eget nibh. Sed tempor. Fusce erat.</p>\n\n<h3 id=\"anorderedlist\">An Ordered List</h3>\n\n<ol>\n<li>Vestibulum in mauris semper tortor interdum ultrices. <br />\n<ol><li>morbi tristique senectus</li>\n<li>nibh eget nibh</li></ol></li>\n<li>Sed vel lorem et justo laoreet bibendum. Donec dictum.  </li>\n<li>Etiam massa libero, lacinia at, commodo in, tincidunt a, purus.  </li>\n<li>Praesent volutpat eros quis enim blandit tincidunt.  </li>\n<li>Aenean eu libero nec lectus ultricies laoreet. <br />\n<ol><li>sagittis convallis arcu</li>\n<li>dictum</li>\n<li>tempor</li></ol></li>\n<li>Donec rutrum, nisi vel egestas ultrices, ipsum urna sagittis libero, vitae vestibulum dui dolor vel velit.</li>\n</ol>","image":null,"featured":0,"page":0,"status":"published","language":"en_US","meta_title":null,"meta_description":null,"author_id":1,"created_at":1381600136486,"created_by":1,"updated_at":1381603211060,"updated_by":1,"published_at":1379703600000,"published_by":1},{"id":16,"uuid":"57e53281-1870-4a58-8b08-89d3f72e75e5","title":"Long Post with Text","slug":"long-post-with-text","markdown":"Lorem ipsum dolor sit amet, consectetuer adipiscing elit. Sed eleifend urna eu sapien. Quisque posuere nunc eu massa. Praesent bibendum lorem non leo. Morbi volutpat, urna eu fermentum rutrum, ligula lacus interdum mauris, ac pulvinar libero pede a enim. Etiam commodo malesuada ante. Donec nec ligula. Curabitur mollis semper diam.\n\nDuis viverra nibh a felis condimentum pretium. Nullam tristique lacus non purus. Donec vel felis. Etiam et sapien. Pellentesque nec quam a justo tincidunt laoreet. Aenean id enim. Donec lorem arcu, eleifend venenatis, rhoncus mollis, semper at, dui. Praesent velit tellus, adipiscing et, blandit convallis, dictum at, dui. Integer suscipit tortor in orci. Phasellus consequat. Quisque dictum convallis pede.\n\nMauris viverra scelerisque mauris. Nulla facilisis, elit malesuada pretium egestas, dolor arcu commodo est, at egestas massa tortor ut ante. Etiam eget libero. Aenean pretium, tellus sed sodales semper, turpis purus aliquet orci, pulvinar ornare odio tortor sit amet dui.\n\nAenean id orci. Cum sociis natoque penatibus et magnis dis parturient montes, nascetur ridiculus mus. Vivamus magna. Mauris tincidunt iaculis enim. Duis a mi vitae sapien dapibus tincidunt. Proin metus.\n\nProin cursus, libero non auctor faucibus, urna mi vestibulum orci, sit amet fermentum nibh purus eget enim. Aenean aliquet ligula nec nulla. Praesent sit amet lorem vitae massa hendrerit auctor. Sed sit amet urna. Aenean sapien nunc, imperdiet a, pharetra in, consequat eu, neque. Phasellus vel sem gravida augue consequat tempor. Curabitur eget mauris at pede varius facilisis.\n\nMorbi ut sapien. Morbi arcu mauris, suscipit congue, placerat sit amet, suscipit a, ante. Donec aliquet dui ac nunc. Mauris magna quam, aliquet quis, viverra eu, fringilla eget, purus. Donec tristique pretium sem.\n\nLorem ipsum dolor sit amet, consectetuer adipiscing elit. Sed eleifend urna eu sapien. Quisque posuere nunc eu massa. Praesent bibendum lorem non leo. Morbi volutpat, urna eu fermentum rutrum, ligula lacus interdum mauris, ac pulvinar libero pede a enim. Etiam commodo malesuada ante. Donec nec ligula. Curabitur mollis semper diam.\n\nDuis viverra nibh a felis condimentum pretium. Nullam tristique lacus non purus. Donec vel felis. Etiam et sapien. Pellentesque nec quam a justo tincidunt laoreet. Aenean id enim. Donec lorem arcu, eleifend venenatis, rhoncus mollis, semper at, dui. Praesent velit tellus, adipiscing et, blandit convallis, dictum at, dui. Integer suscipit tortor in orci. Phasellus consequat. Quisque dictum convallis pede.\n\nMauris viverra scelerisque mauris. Nulla facilisis, elit malesuada pretium egestas, dolor arcu commodo est, at egestas massa tortor ut ante. Etiam eget libero. Aenean pretium, tellus sed sodales semper, turpis purus aliquet orci, pulvinar ornare odio tortor sit amet dui.\n\nAenean id orci. Cum sociis natoque penatibus et magnis dis parturient montes, nascetur ridiculus mus. Vivamus magna. Mauris tincidunt iaculis enim. Duis a mi vitae sapien dapibus tincidunt. Proin metus.\n\nProin cursus, libero non auctor faucibus, urna mi vestibulum orci, sit amet fermentum nibh purus eget enim. Aenean aliquet ligula nec nulla. Praesent sit amet lorem vitae massa hendrerit auctor. Sed sit amet urna. Aenean sapien nunc, imperdiet a, pharetra in, consequat eu, neque. Phasellus vel sem gravida augue consequat tempor. Curabitur eget mauris at pede varius facilisis.\n\nMorbi ut sapien. Morbi arcu mauris, suscipit congue, placerat sit amet, suscipit a, ante. Donec aliquet dui ac nunc. Mauris magna quam, aliquet quis, viverra eu, fringilla eget, purus. Donec tristique pretium sem.\n\nLorem ipsum dolor sit amet, consectetuer adipiscing elit. Sed eleifend urna eu sapien. Quisque posuere nunc eu massa. Praesent bibendum lorem non leo. Morbi volutpat, urna eu fermentum rutrum, ligula lacus interdum mauris, ac pulvinar libero pede a enim. Etiam commodo malesuada ante. Donec nec ligula. Curabitur mollis semper diam.\n\nDuis viverra nibh a felis condimentum pretium. Nullam tristique lacus non purus. Donec vel felis. Etiam et sapien. Pellentesque nec quam a justo tincidunt laoreet. Aenean id enim. Donec lorem arcu, eleifend venenatis, rhoncus mollis, semper at, dui. Praesent velit tellus, adipiscing et, blandit convallis, dictum at, dui. Integer suscipit tortor in orci. Phasellus consequat. Quisque dictum convallis pede.\n\nMauris viverra scelerisque mauris. Nulla facilisis, elit malesuada pretium egestas, dolor arcu commodo est, at egestas massa tortor ut ante. Etiam eget libero. Aenean pretium, tellus sed sodales semper, turpis purus aliquet orci, pulvinar ornare odio tortor sit amet dui.\n\nAenean id orci. Cum sociis natoque penatibus et magnis dis parturient montes, nascetur ridiculus mus. Vivamus magna. Mauris tincidunt iaculis enim. Duis a mi vitae sapien dapibus tincidunt. Proin metus.\n\nProin cursus, libero non auctor faucibus, urna mi vestibulum orci, sit amet fermentum nibh purus eget enim. Aenean aliquet ligula nec nulla. Praesent sit amet lorem vitae massa hendrerit auctor. Sed sit amet urna. Aenean sapien nunc, imperdiet a, pharetra in, consequat eu, neque. Phasellus vel sem gravida augue consequat tempor. Curabitur eget mauris at pede varius facilisis.\n\nMorbi ut sapien. Morbi arcu mauris, suscipit congue, placerat sit amet, suscipit a, ante. Donec aliquet dui ac nunc. Mauris magna quam, aliquet quis, viverra eu, fringilla eget, purus. Donec tristique pretium sem.\n\nLorem ipsum dolor sit amet, consectetuer adipiscing elit. Sed eleifend urna eu sapien. Quisque posuere nunc eu massa. Praesent bibendum lorem non leo. Morbi volutpat, urna eu fermentum rutrum, ligula lacus interdum mauris, ac pulvinar libero pede a enim. Etiam commodo malesuada ante. Donec nec ligula. Curabitur mollis semper diam.\n\nDuis viverra nibh a felis condimentum pretium. Nullam tristique lacus non purus. Donec vel felis. Etiam et sapien. Pellentesque nec quam a justo tincidunt laoreet. Aenean id enim. Donec lorem arcu, eleifend venenatis, rhoncus mollis, semper at, dui. Praesent velit tellus, adipiscing et, blandit convallis, dictum at, dui. Integer suscipit tortor in orci. Phasellus consequat. Quisque dictum convallis pede.\n\nMauris viverra scelerisque mauris. Nulla facilisis, elit malesuada pretium egestas, dolor arcu commodo est, at egestas massa tortor ut ante. Etiam eget libero. Aenean pretium, tellus sed sodales semper, turpis purus aliquet orci, pulvinar ornare odio tortor sit amet dui.\n\nAenean id orci. Cum sociis natoque penatibus et magnis dis parturient montes, nascetur ridiculus mus. Vivamus magna. Mauris tincidunt iaculis enim. Duis a mi vitae sapien dapibus tincidunt. Proin metus.\n\nProin cursus, libero non auctor faucibus, urna mi vestibulum orci, sit amet fermentum nibh purus eget enim. Aenean aliquet ligula nec nulla. Praesent sit amet lorem vitae massa hendrerit auctor. Sed sit amet urna. Aenean sapien nunc, imperdiet a, pharetra in, consequat eu, neque. Phasellus vel sem gravida augue consequat tempor. Curabitur eget mauris at pede varius facilisis.\n\nMorbi ut sapien. Morbi arcu mauris, suscipit congue, placerat sit amet, suscipit a, ante. Donec aliquet dui ac nunc. Mauris magna quam, aliquet quis, viverra eu, fringilla eget, purus. Donec tristique pretium sem.\n\nLorem ipsum dolor sit amet, consectetuer adipiscing elit. Sed eleifend urna eu sapien. Quisque posuere nunc eu massa. Praesent bibendum lorem non leo. Morbi volutpat, urna eu fermentum rutrum, ligula lacus interdum mauris, ac pulvinar libero pede a enim. Etiam commodo malesuada ante. Donec nec ligula. Curabitur mollis semper diam.\n\nDuis viverra nibh a felis condimentum pretium. Nullam tristique lacus non purus. Donec vel felis. Etiam et sapien. Pellentesque nec quam a justo tincidunt laoreet. Aenean id enim. Donec lorem arcu, eleifend venenatis, rhoncus mollis, semper at, dui. Praesent velit tellus, adipiscing et, blandit convallis, dictum at, dui. Integer suscipit tortor in orci. Phasellus consequat. Quisque dictum convallis pede.\n\nMauris viverra scelerisque mauris. Nulla facilisis, elit malesuada pretium egestas, dolor arcu commodo est, at egestas massa tortor ut ante. Etiam eget libero. Aenean pretium, tellus sed sodales semper, turpis purus aliquet orci, pulvinar ornare odio tortor sit amet dui.\n\nAenean id orci. Cum sociis natoque penatibus et magnis dis parturient montes, nascetur ridiculus mus. Vivamus magna. Mauris tincidunt iaculis enim. Duis a mi vitae sapien dapibus tincidunt. Proin metus.\n\nProin cursus, libero non auctor faucibus, urna mi vestibulum orci, sit amet fermentum nibh purus eget enim. Aenean aliquet ligula nec nulla. Praesent sit amet lorem vitae massa hendrerit auctor. Sed sit amet urna. Aenean sapien nunc, imperdiet a, pharetra in, consequat eu, neque. Phasellus vel sem gravida augue consequat tempor. Curabitur eget mauris at pede varius facilisis.\n\nMorbi ut sapien. Morbi arcu mauris, suscipit congue, placerat sit amet, suscipit a, ante. Donec aliquet dui ac nunc. Mauris magna quam, aliquet quis, viverra eu, fringilla eget, purus. Donec tristique pretium sem.\n\nLorem ipsum dolor sit amet, consectetuer adipiscing elit. Sed eleifend urna eu sapien. Quisque posuere nunc eu massa. Praesent bibendum lorem non leo. Morbi volutpat, urna eu fermentum rutrum, ligula lacus interdum mauris, ac pulvinar libero pede a enim. Etiam commodo malesuada ante. Donec nec ligula. Curabitur mollis semper diam.\n\nDuis viverra nibh a felis condimentum pretium. Nullam tristique lacus non purus. Donec vel felis. Etiam et sapien. Pellentesque nec quam a justo tincidunt laoreet. Aenean id enim. Donec lorem arcu, eleifend venenatis, rhoncus mollis, semper at, dui. Praesent velit tellus, adipiscing et, blandit convallis, dictum at, dui. Integer suscipit tortor in orci. Phasellus consequat. Quisque dictum convallis pede.\n\nMauris viverra scelerisque mauris. Nulla facilisis, elit malesuada pretium egestas, dolor arcu commodo est, at egestas massa tortor ut ante. Etiam eget libero. Aenean pretium, tellus sed sodales semper, turpis purus aliquet orci, pulvinar ornare odio tortor sit amet dui.\n\nAenean id orci. Cum sociis natoque penatibus et magnis dis parturient montes, nascetur ridiculus mus. Vivamus magna. Mauris tincidunt iaculis enim. Duis a mi vitae sapien dapibus tincidunt. Proin metus.\n\nProin cursus, libero non auctor faucibus, urna mi vestibulum orci, sit amet fermentum nibh purus eget enim. Aenean aliquet ligula nec nulla. Praesent sit amet lorem vitae massa hendrerit auctor. Sed sit amet urna. Aenean sapien nunc, imperdiet a, pharetra in, consequat eu, neque. Phasellus vel sem gravida augue consequat tempor. Curabitur eget mauris at pede varius facilisis.\n\nMorbi ut sapien. Morbi arcu mauris, suscipit congue, placerat sit amet, suscipit a, ante. Donec aliquet dui ac nunc. Mauris magna quam, aliquet quis, viverra eu, fringilla eget, purus. Donec tristique pretium sem.\n\nLorem ipsum dolor sit amet, consectetuer adipiscing elit. Sed eleifend urna eu sapien. Quisque posuere nunc eu massa. Praesent bibendum lorem non leo. Morbi volutpat, urna eu fermentum rutrum, ligula lacus interdum mauris, ac pulvinar libero pede a enim. Etiam commodo malesuada ante. Donec nec ligula. Curabitur mollis semper diam.\n\nDuis viverra nibh a felis condimentum pretium. Nullam tristique lacus non purus. Donec vel felis. Etiam et sapien. Pellentesque nec quam a justo tincidunt laoreet. Aenean id enim. Donec lorem arcu, eleifend venenatis, rhoncus mollis, semper at, dui. Praesent velit tellus, adipiscing et, blandit convallis, dictum at, dui. Integer suscipit tortor in orci. Phasellus consequat. Quisque dictum convallis pede.\n\nMauris viverra scelerisque mauris. Nulla facilisis, elit malesuada pretium egestas, dolor arcu commodo est, at egestas massa tortor ut ante. Etiam eget libero. Aenean pretium, tellus sed sodales semper, turpis purus aliquet orci, pulvinar ornare odio tortor sit amet dui.\n\nAenean id orci. Cum sociis natoque penatibus et magnis dis parturient montes, nascetur ridiculus mus. Vivamus magna. Mauris tincidunt iaculis enim. Duis a mi vitae sapien dapibus tincidunt. Proin metus.\n\nProin cursus, libero non auctor faucibus, urna mi vestibulum orci, sit amet fermentum nibh purus eget enim. Aenean aliquet ligula nec nulla. Praesent sit amet lorem vitae massa hendrerit auctor. Sed sit amet urna. Aenean sapien nunc, imperdiet a, pharetra in, consequat eu, neque. Phasellus vel sem gravida augue consequat tempor. Curabitur eget mauris at pede varius facilisis.\n\nMorbi ut sapien. Morbi arcu mauris, suscipit congue, placerat sit amet, suscipit a, ante. Donec aliquet dui ac nunc. Mauris magna quam, aliquet quis, viverra eu, fringilla eget, purus. Donec tristique pretium sem.\n\nLorem ipsum dolor sit amet, consectetuer adipiscing elit. Sed eleifend urna eu sapien. Quisque posuere nunc eu massa. Praesent bibendum lorem non leo. Morbi volutpat, urna eu fermentum rutrum, ligula lacus interdum mauris, ac pulvinar libero pede a enim. Etiam commodo malesuada ante. Donec nec ligula. Curabitur mollis semper diam.\n\nDuis viverra nibh a felis condimentum pretium. Nullam tristique lacus non purus. Donec vel felis. Etiam et sapien. Pellentesque nec quam a justo tincidunt laoreet. Aenean id enim. Donec lorem arcu, eleifend venenatis, rhoncus mollis, semper at, dui. Praesent velit tellus, adipiscing et, blandit convallis, dictum at, dui. Integer suscipit tortor in orci. Phasellus consequat. Quisque dictum convallis pede.\n\nMauris viverra scelerisque mauris. Nulla facilisis, elit malesuada pretium egestas, dolor arcu commodo est, at egestas massa tortor ut ante. Etiam eget libero. Aenean pretium, tellus sed sodales semper, turpis purus aliquet orci, pulvinar ornare odio tortor sit amet dui.\n\nAenean id orci. Cum sociis natoque penatibus et magnis dis parturient montes, nascetur ridiculus mus. Vivamus magna. Mauris tincidunt iaculis enim. Duis a mi vitae sapien dapibus tincidunt. Proin metus.\n\nProin cursus, libero non auctor faucibus, urna mi vestibulum orci, sit amet fermentum nibh purus eget enim. Aenean aliquet ligula nec nulla. Praesent sit amet lorem vitae massa hendrerit auctor. Sed sit amet urna. Aenean sapien nunc, imperdiet a, pharetra in, consequat eu, neque. Phasellus vel sem gravida augue consequat tempor. Curabitur eget mauris at pede varius facilisis.\n\nMorbi ut sapien. Morbi arcu mauris, suscipit congue, placerat sit amet, suscipit a, ante. Donec aliquet dui ac nunc. Mauris magna quam, aliquet quis, viverra eu, fringilla eget, purus. Donec tristique pretium sem.\n\nLorem ipsum dolor sit amet, consectetuer adipiscing elit. Sed eleifend urna eu sapien. Quisque posuere nunc eu massa. Praesent bibendum lorem non leo. Morbi volutpat, urna eu fermentum rutrum, ligula lacus interdum mauris, ac pulvinar libero pede a enim. Etiam commodo malesuada ante. Donec nec ligula. Curabitur mollis semper diam.\n\nDuis viverra nibh a felis condimentum pretium. Nullam tristique lacus non purus. Donec vel felis. Etiam et sapien. Pellentesque nec quam a justo tincidunt laoreet. Aenean id enim. Donec lorem arcu, eleifend venenatis, rhoncus mollis, semper at, dui. Praesent velit tellus, adipiscing et, blandit convallis, dictum at, dui. Integer suscipit tortor in orci. Phasellus consequat. Quisque dictum convallis pede.\n\nMauris viverra scelerisque mauris. Nulla facilisis, elit malesuada pretium egestas, dolor arcu commodo est, at egestas massa tortor ut ante. Etiam eget libero. Aenean pretium, tellus sed sodales semper, turpis purus aliquet orci, pulvinar ornare odio tortor sit amet dui.\n\nAenean id orci. Cum sociis natoque penatibus et magnis dis parturient montes, nascetur ridiculus mus. Vivamus magna. Mauris tincidunt iaculis enim. Duis a mi vitae sapien dapibus tincidunt. Proin metus.\n\nProin cursus, libero non auctor faucibus, urna mi vestibulum orci, sit amet fermentum nibh purus eget enim. Aenean aliquet ligula nec nulla. Praesent sit amet lorem vitae massa hendrerit auctor. Sed sit amet urna. Aenean sapien nunc, imperdiet a, pharetra in, consequat eu, neque. Phasellus vel sem gravida augue consequat tempor. Curabitur eget mauris at pede varius facilisis.\n\nMorbi ut sapien. Morbi arcu mauris, suscipit congue, placerat sit amet, suscipit a, ante. Donec aliquet dui ac nunc. Mauris magna quam, aliquet quis, viverra eu, fringilla eget, purus. Donec tristique pretium sem.\n\nLorem ipsum dolor sit amet, consectetuer adipiscing elit. Sed eleifend urna eu sapien. Quisque posuere nunc eu massa. Praesent bibendum lorem non leo. Morbi volutpat, urna eu fermentum rutrum, ligula lacus interdum mauris, ac pulvinar libero pede a enim. Etiam commodo malesuada ante. Donec nec ligula. Curabitur mollis semper diam.\n\nDuis viverra nibh a felis condimentum pretium. Nullam tristique lacus non purus. Donec vel felis. Etiam et sapien. Pellentesque nec quam a justo tincidunt laoreet. Aenean id enim. Donec lorem arcu, eleifend venenatis, rhoncus mollis, semper at, dui. Praesent velit tellus, adipiscing et, blandit convallis, dictum at, dui. Integer suscipit tortor in orci. Phasellus consequat. Quisque dictum convallis pede.\n\nMauris viverra scelerisque mauris. Nulla facilisis, elit malesuada pretium egestas, dolor arcu commodo est, at egestas massa tortor ut ante. Etiam eget libero. Aenean pretium, tellus sed sodales semper, turpis purus aliquet orci, pulvinar ornare odio tortor sit amet dui.\n\nAenean id orci. Cum sociis natoque penatibus et magnis dis parturient montes, nascetur ridiculus mus. Vivamus magna. Mauris tincidunt iaculis enim. Duis a mi vitae sapien dapibus tincidunt. Proin metus.\n\nProin cursus, libero non auctor faucibus, urna mi vestibulum orci, sit amet fermentum nibh purus eget enim. Aenean aliquet ligula nec nulla. Praesent sit amet lorem vitae massa hendrerit auctor. Sed sit amet urna. Aenean sapien nunc, imperdiet a, pharetra in, consequat eu, neque. Phasellus vel sem gravida augue consequat tempor. Curabitur eget mauris at pede varius facilisis.\n\nMorbi ut sapien. Morbi arcu mauris, suscipit congue, placerat sit amet, suscipit a, ante. Donec aliquet dui ac nunc. Mauris magna quam, aliquet quis, viverra eu, fringilla eget, purus. Donec tristique pretium sem.\n\nLorem ipsum dolor sit amet, consectetuer adipiscing elit. Sed eleifend urna eu sapien. Quisque posuere nunc eu massa. Praesent bibendum lorem non leo. Morbi volutpat, urna eu fermentum rutrum, ligula lacus interdum mauris, ac pulvinar libero pede a enim. Etiam commodo malesuada ante. Donec nec ligula. Curabitur mollis semper diam.\n\nDuis viverra nibh a felis condimentum pretium. Nullam tristique lacus non purus. Donec vel felis. Etiam et sapien. Pellentesque nec quam a justo tincidunt laoreet. Aenean id enim. Donec lorem arcu, eleifend venenatis, rhoncus mollis, semper at, dui. Praesent velit tellus, adipiscing et, blandit convallis, dictum at, dui. Integer suscipit tortor in orci. Phasellus consequat. Quisque dictum convallis pede.\n\nMauris viverra scelerisque mauris. Nulla facilisis, elit malesuada pretium egestas, dolor arcu commodo est, at egestas massa tortor ut ante. Etiam eget libero. Aenean pretium, tellus sed sodales semper, turpis purus aliquet orci, pulvinar ornare odio tortor sit amet dui.\n\nAenean id orci. Cum sociis natoque penatibus et magnis dis parturient montes, nascetur ridiculus mus. Vivamus magna. Mauris tincidunt iaculis enim. Duis a mi vitae sapien dapibus tincidunt. Proin metus.\n\nProin cursus, libero non auctor faucibus, urna mi vestibulum orci, sit amet fermentum nibh purus eget enim. Aenean aliquet ligula nec nulla. Praesent sit amet lorem vitae massa hendrerit auctor. Sed sit amet urna. Aenean sapien nunc, imperdiet a, pharetra in, consequat eu, neque. Phasellus vel sem gravida augue consequat tempor. Curabitur eget mauris at pede varius facilisis.\n\nMorbi ut sapien. Morbi arcu mauris, suscipit congue, placerat sit amet, suscipit a, ante. Donec aliquet dui ac nunc. Mauris magna quam, aliquet quis, viverra eu, fringilla eget, purus. Donec tristique pretium sem.\n\nLorem ipsum dolor sit amet, consectetuer adipiscing elit. Sed eleifend urna eu sapien. Quisque posuere nunc eu massa. Praesent bibendum lorem non leo. Morbi volutpat, urna eu fermentum rutrum, ligula lacus interdum mauris, ac pulvinar libero pede a enim. Etiam commodo malesuada ante. Donec nec ligula. Curabitur mollis semper diam.\n\nDuis viverra nibh a felis condimentum pretium. Nullam tristique lacus non purus. Donec vel felis. Etiam et sapien. Pellentesque nec quam a justo tincidunt laoreet. Aenean id enim. Donec lorem arcu, eleifend venenatis, rhoncus mollis, semper at, dui. Praesent velit tellus, adipiscing et, blandit convallis, dictum at, dui. Integer suscipit tortor in orci. Phasellus consequat. Quisque dictum convallis pede.\n\nMauris viverra scelerisque mauris. Nulla facilisis, elit malesuada pretium egestas, dolor arcu commodo est, at egestas massa tortor ut ante. Etiam eget libero. Aenean pretium, tellus sed sodales semper, turpis purus aliquet orci, pulvinar ornare odio tortor sit amet dui.\n\nAenean id orci. Cum sociis natoque penatibus et magnis dis parturient montes, nascetur ridiculus mus. Vivamus magna. Mauris tincidunt iaculis enim. Duis a mi vitae sapien dapibus tincidunt. Proin metus.\n\nProin cursus, libero non auctor faucibus, urna mi vestibulum orci, sit amet fermentum nibh purus eget enim. Aenean aliquet ligula nec nulla. Praesent sit amet lorem vitae massa hendrerit auctor. Sed sit amet urna. Aenean sapien nunc, imperdiet a, pharetra in, consequat eu, neque. Phasellus vel sem gravida augue consequat tempor. Curabitur eget mauris at pede varius facilisis.\n\nMorbi ut sapien. Morbi arcu mauris, suscipit congue, placerat sit amet, suscipit a, ante. Donec aliquet dui ac nunc. Mauris magna quam, aliquet quis, viverra eu, fringilla eget, purus. Donec tristique pretium sem.\n\nLorem ipsum dolor sit amet, consectetuer adipiscing elit. Sed eleifend urna eu sapien. Quisque posuere nunc eu massa. Praesent bibendum lorem non leo. Morbi volutpat, urna eu fermentum rutrum, ligula lacus interdum mauris, ac pulvinar libero pede a enim. Etiam commodo malesuada ante. Donec nec ligula. Curabitur mollis semper diam.\n\nDuis viverra nibh a felis condimentum pretium. Nullam tristique lacus non purus. Donec vel felis. Etiam et sapien. Pellentesque nec quam a justo tincidunt laoreet. Aenean id enim. Donec lorem arcu, eleifend venenatis, rhoncus mollis, semper at, dui. Praesent velit tellus, adipiscing et, blandit convallis, dictum at, dui. Integer suscipit tortor in orci. Phasellus consequat. Quisque dictum convallis pede.\n\nMauris viverra scelerisque mauris. Nulla facilisis, elit malesuada pretium egestas, dolor arcu commodo est, at egestas massa tortor ut ante. Etiam eget libero. Aenean pretium, tellus sed sodales semper, turpis purus aliquet orci, pulvinar ornare odio tortor sit amet dui.\n\nAenean id orci. Cum sociis natoque penatibus et magnis dis parturient montes, nascetur ridiculus mus. Vivamus magna. Mauris tincidunt iaculis enim. Duis a mi vitae sapien dapibus tincidunt. Proin metus.\n\nProin cursus, libero non auctor faucibus, urna mi vestibulum orci, sit amet fermentum nibh purus eget enim. Aenean aliquet ligula nec nulla. Praesent sit amet lorem vitae massa hendrerit auctor. Sed sit amet urna. Aenean sapien nunc, imperdiet a, pharetra in, consequat eu, neque. Phasellus vel sem gravida augue consequat tempor. Curabitur eget mauris at pede varius facilisis.\n\nMorbi ut sapien. Morbi arcu mauris, suscipit congue, placerat sit amet, suscipit a, ante. Donec aliquet dui ac nunc. Mauris magna quam, aliquet quis, viverra eu, fringilla eget, purus. Donec tristique pretium sem.\n\nLorem ipsum dolor sit amet, consectetuer adipiscing elit. Sed eleifend urna eu sapien. Quisque posuere nunc eu massa. Praesent bibendum lorem non leo. Morbi volutpat, urna eu fermentum rutrum, ligula lacus interdum mauris, ac pulvinar libero pede a enim. Etiam commodo malesuada ante. Donec nec ligula. Curabitur mollis semper diam.\n\nDuis viverra nibh a felis condimentum pretium. Nullam tristique lacus non purus. Donec vel felis. Etiam et sapien. Pellentesque nec quam a justo tincidunt laoreet. Aenean id enim. Donec lorem arcu, eleifend venenatis, rhoncus mollis, semper at, dui. Praesent velit tellus, adipiscing et, blandit convallis, dictum at, dui. Integer suscipit tortor in orci. Phasellus consequat. Quisque dictum convallis pede.\n\nMauris viverra scelerisque mauris. Nulla facilisis, elit malesuada pretium egestas, dolor arcu commodo est, at egestas massa tortor ut ante. Etiam eget libero. Aenean pretium, tellus sed sodales semper, turpis purus aliquet orci, pulvinar ornare odio tortor sit amet dui.\n\nAenean id orci. Cum sociis natoque penatibus et magnis dis parturient montes, nascetur ridiculus mus. Vivamus magna. Mauris tincidunt iaculis enim. Duis a mi vitae sapien dapibus tincidunt. Proin metus.\n\nProin cursus, libero non auctor faucibus, urna mi vestibulum orci, sit amet fermentum nibh purus eget enim. Aenean aliquet ligula nec nulla. Praesent sit amet lorem vitae massa hendrerit auctor. Sed sit amet urna. Aenean sapien nunc, imperdiet a, pharetra in, consequat eu, neque. Phasellus vel sem gravida augue consequat tempor. Curabitur eget mauris at pede varius facilisis.\n\nMorbi ut sapien. Morbi arcu mauris, suscipit congue, placerat sit amet, suscipit a, ante. Donec aliquet dui ac nunc. Mauris magna quam, aliquet quis, viverra eu, fringilla eget, purus. Donec tristique pretium sem.","html":"<p>Lorem ipsum dolor sit amet, consectetuer adipiscing elit. Sed eleifend urna eu sapien. Quisque posuere nunc eu massa. Praesent bibendum lorem non leo. Morbi volutpat, urna eu fermentum rutrum, ligula lacus interdum mauris, ac pulvinar libero pede a enim. Etiam commodo malesuada ante. Donec nec ligula. Curabitur mollis semper diam.</p>\n\n<p>Duis viverra nibh a felis condimentum pretium. Nullam tristique lacus non purus. Donec vel felis. Etiam et sapien. Pellentesque nec quam a justo tincidunt laoreet. Aenean id enim. Donec lorem arcu, eleifend venenatis, rhoncus mollis, semper at, dui. Praesent velit tellus, adipiscing et, blandit convallis, dictum at, dui. Integer suscipit tortor in orci. Phasellus consequat. Quisque dictum convallis pede.</p>\n\n<p>Mauris viverra scelerisque mauris. Nulla facilisis, elit malesuada pretium egestas, dolor arcu commodo est, at egestas massa tortor ut ante. Etiam eget libero. Aenean pretium, tellus sed sodales semper, turpis purus aliquet orci, pulvinar ornare odio tortor sit amet dui.</p>\n\n<p>Aenean id orci. Cum sociis natoque penatibus et magnis dis parturient montes, nascetur ridiculus mus. Vivamus magna. Mauris tincidunt iaculis enim. Duis a mi vitae sapien dapibus tincidunt. Proin metus.</p>\n\n<p>Proin cursus, libero non auctor faucibus, urna mi vestibulum orci, sit amet fermentum nibh purus eget enim. Aenean aliquet ligula nec nulla. Praesent sit amet lorem vitae massa hendrerit auctor. Sed sit amet urna. Aenean sapien nunc, imperdiet a, pharetra in, consequat eu, neque. Phasellus vel sem gravida augue consequat tempor. Curabitur eget mauris at pede varius facilisis.</p>\n\n<p>Morbi ut sapien. Morbi arcu mauris, suscipit congue, placerat sit amet, suscipit a, ante. Donec aliquet dui ac nunc. Mauris magna quam, aliquet quis, viverra eu, fringilla eget, purus. Donec tristique pretium sem.</p>\n\n<p>Lorem ipsum dolor sit amet, consectetuer adipiscing elit. Sed eleifend urna eu sapien. Quisque posuere nunc eu massa. Praesent bibendum lorem non leo. Morbi volutpat, urna eu fermentum rutrum, ligula lacus interdum mauris, ac pulvinar libero pede a enim. Etiam commodo malesuada ante. Donec nec ligula. Curabitur mollis semper diam.</p>\n\n<p>Duis viverra nibh a felis condimentum pretium. Nullam tristique lacus non purus. Donec vel felis. Etiam et sapien. Pellentesque nec quam a justo tincidunt laoreet. Aenean id enim. Donec lorem arcu, eleifend venenatis, rhoncus mollis, semper at, dui. Praesent velit tellus, adipiscing et, blandit convallis, dictum at, dui. Integer suscipit tortor in orci. Phasellus consequat. Quisque dictum convallis pede.</p>\n\n<p>Mauris viverra scelerisque mauris. Nulla facilisis, elit malesuada pretium egestas, dolor arcu commodo est, at egestas massa tortor ut ante. Etiam eget libero. Aenean pretium, tellus sed sodales semper, turpis purus aliquet orci, pulvinar ornare odio tortor sit amet dui.</p>\n\n<p>Aenean id orci. Cum sociis natoque penatibus et magnis dis parturient montes, nascetur ridiculus mus. Vivamus magna. Mauris tincidunt iaculis enim. Duis a mi vitae sapien dapibus tincidunt. Proin metus.</p>\n\n<p>Proin cursus, libero non auctor faucibus, urna mi vestibulum orci, sit amet fermentum nibh purus eget enim. Aenean aliquet ligula nec nulla. Praesent sit amet lorem vitae massa hendrerit auctor. Sed sit amet urna. Aenean sapien nunc, imperdiet a, pharetra in, consequat eu, neque. Phasellus vel sem gravida augue consequat tempor. Curabitur eget mauris at pede varius facilisis.</p>\n\n<p>Morbi ut sapien. Morbi arcu mauris, suscipit congue, placerat sit amet, suscipit a, ante. Donec aliquet dui ac nunc. Mauris magna quam, aliquet quis, viverra eu, fringilla eget, purus. Donec tristique pretium sem.</p>\n\n<p>Lorem ipsum dolor sit amet, consectetuer adipiscing elit. Sed eleifend urna eu sapien. Quisque posuere nunc eu massa. Praesent bibendum lorem non leo. Morbi volutpat, urna eu fermentum rutrum, ligula lacus interdum mauris, ac pulvinar libero pede a enim. Etiam commodo malesuada ante. Donec nec ligula. Curabitur mollis semper diam.</p>\n\n<p>Duis viverra nibh a felis condimentum pretium. Nullam tristique lacus non purus. Donec vel felis. Etiam et sapien. Pellentesque nec quam a justo tincidunt laoreet. Aenean id enim. Donec lorem arcu, eleifend venenatis, rhoncus mollis, semper at, dui. Praesent velit tellus, adipiscing et, blandit convallis, dictum at, dui. Integer suscipit tortor in orci. Phasellus consequat. Quisque dictum convallis pede.</p>\n\n<p>Mauris viverra scelerisque mauris. Nulla facilisis, elit malesuada pretium egestas, dolor arcu commodo est, at egestas massa tortor ut ante. Etiam eget libero. Aenean pretium, tellus sed sodales semper, turpis purus aliquet orci, pulvinar ornare odio tortor sit amet dui.</p>\n\n<p>Aenean id orci. Cum sociis natoque penatibus et magnis dis parturient montes, nascetur ridiculus mus. Vivamus magna. Mauris tincidunt iaculis enim. Duis a mi vitae sapien dapibus tincidunt. Proin metus.</p>\n\n<p>Proin cursus, libero non auctor faucibus, urna mi vestibulum orci, sit amet fermentum nibh purus eget enim. Aenean aliquet ligula nec nulla. Praesent sit amet lorem vitae massa hendrerit auctor. Sed sit amet urna. Aenean sapien nunc, imperdiet a, pharetra in, consequat eu, neque. Phasellus vel sem gravida augue consequat tempor. Curabitur eget mauris at pede varius facilisis.</p>\n\n<p>Morbi ut sapien. Morbi arcu mauris, suscipit congue, placerat sit amet, suscipit a, ante. Donec aliquet dui ac nunc. Mauris magna quam, aliquet quis, viverra eu, fringilla eget, purus. Donec tristique pretium sem.</p>\n\n<p>Lorem ipsum dolor sit amet, consectetuer adipiscing elit. Sed eleifend urna eu sapien. Quisque posuere nunc eu massa. Praesent bibendum lorem non leo. Morbi volutpat, urna eu fermentum rutrum, ligula lacus interdum mauris, ac pulvinar libero pede a enim. Etiam commodo malesuada ante. Donec nec ligula. Curabitur mollis semper diam.</p>\n\n<p>Duis viverra nibh a felis condimentum pretium. Nullam tristique lacus non purus. Donec vel felis. Etiam et sapien. Pellentesque nec quam a justo tincidunt laoreet. Aenean id enim. Donec lorem arcu, eleifend venenatis, rhoncus mollis, semper at, dui. Praesent velit tellus, adipiscing et, blandit convallis, dictum at, dui. Integer suscipit tortor in orci. Phasellus consequat. Quisque dictum convallis pede.</p>\n\n<p>Mauris viverra scelerisque mauris. Nulla facilisis, elit malesuada pretium egestas, dolor arcu commodo est, at egestas massa tortor ut ante. Etiam eget libero. Aenean pretium, tellus sed sodales semper, turpis purus aliquet orci, pulvinar ornare odio tortor sit amet dui.</p>\n\n<p>Aenean id orci. Cum sociis natoque penatibus et magnis dis parturient montes, nascetur ridiculus mus. Vivamus magna. Mauris tincidunt iaculis enim. Duis a mi vitae sapien dapibus tincidunt. Proin metus.</p>\n\n<p>Proin cursus, libero non auctor faucibus, urna mi vestibulum orci, sit amet fermentum nibh purus eget enim. Aenean aliquet ligula nec nulla. Praesent sit amet lorem vitae massa hendrerit auctor. Sed sit amet urna. Aenean sapien nunc, imperdiet a, pharetra in, consequat eu, neque. Phasellus vel sem gravida augue consequat tempor. Curabitur eget mauris at pede varius facilisis.</p>\n\n<p>Morbi ut sapien. Morbi arcu mauris, suscipit congue, placerat sit amet, suscipit a, ante. Donec aliquet dui ac nunc. Mauris magna quam, aliquet quis, viverra eu, fringilla eget, purus. Donec tristique pretium sem.</p>\n\n<p>Lorem ipsum dolor sit amet, consectetuer adipiscing elit. Sed eleifend urna eu sapien. Quisque posuere nunc eu massa. Praesent bibendum lorem non leo. Morbi volutpat, urna eu fermentum rutrum, ligula lacus interdum mauris, ac pulvinar libero pede a enim. Etiam commodo malesuada ante. Donec nec ligula. Curabitur mollis semper diam.</p>\n\n<p>Duis viverra nibh a felis condimentum pretium. Nullam tristique lacus non purus. Donec vel felis. Etiam et sapien. Pellentesque nec quam a justo tincidunt laoreet. Aenean id enim. Donec lorem arcu, eleifend venenatis, rhoncus mollis, semper at, dui. Praesent velit tellus, adipiscing et, blandit convallis, dictum at, dui. Integer suscipit tortor in orci. Phasellus consequat. Quisque dictum convallis pede.</p>\n\n<p>Mauris viverra scelerisque mauris. Nulla facilisis, elit malesuada pretium egestas, dolor arcu commodo est, at egestas massa tortor ut ante. Etiam eget libero. Aenean pretium, tellus sed sodales semper, turpis purus aliquet orci, pulvinar ornare odio tortor sit amet dui.</p>\n\n<p>Aenean id orci. Cum sociis natoque penatibus et magnis dis parturient montes, nascetur ridiculus mus. Vivamus magna. Mauris tincidunt iaculis enim. Duis a mi vitae sapien dapibus tincidunt. Proin metus.</p>\n\n<p>Proin cursus, libero non auctor faucibus, urna mi vestibulum orci, sit amet fermentum nibh purus eget enim. Aenean aliquet ligula nec nulla. Praesent sit amet lorem vitae massa hendrerit auctor. Sed sit amet urna. Aenean sapien nunc, imperdiet a, pharetra in, consequat eu, neque. Phasellus vel sem gravida augue consequat tempor. Curabitur eget mauris at pede varius facilisis.</p>\n\n<p>Morbi ut sapien. Morbi arcu mauris, suscipit congue, placerat sit amet, suscipit a, ante. Donec aliquet dui ac nunc. Mauris magna quam, aliquet quis, viverra eu, fringilla eget, purus. Donec tristique pretium sem.</p>\n\n<p>Lorem ipsum dolor sit amet, consectetuer adipiscing elit. Sed eleifend urna eu sapien. Quisque posuere nunc eu massa. Praesent bibendum lorem non leo. Morbi volutpat, urna eu fermentum rutrum, ligula lacus interdum mauris, ac pulvinar libero pede a enim. Etiam commodo malesuada ante. Donec nec ligula. Curabitur mollis semper diam.</p>\n\n<p>Duis viverra nibh a felis condimentum pretium. Nullam tristique lacus non purus. Donec vel felis. Etiam et sapien. Pellentesque nec quam a justo tincidunt laoreet. Aenean id enim. Donec lorem arcu, eleifend venenatis, rhoncus mollis, semper at, dui. Praesent velit tellus, adipiscing et, blandit convallis, dictum at, dui. Integer suscipit tortor in orci. Phasellus consequat. Quisque dictum convallis pede.</p>\n\n<p>Mauris viverra scelerisque mauris. Nulla facilisis, elit malesuada pretium egestas, dolor arcu commodo est, at egestas massa tortor ut ante. Etiam eget libero. Aenean pretium, tellus sed sodales semper, turpis purus aliquet orci, pulvinar ornare odio tortor sit amet dui.</p>\n\n<p>Aenean id orci. Cum sociis natoque penatibus et magnis dis parturient montes, nascetur ridiculus mus. Vivamus magna. Mauris tincidunt iaculis enim. Duis a mi vitae sapien dapibus tincidunt. Proin metus.</p>\n\n<p>Proin cursus, libero non auctor faucibus, urna mi vestibulum orci, sit amet fermentum nibh purus eget enim. Aenean aliquet ligula nec nulla. Praesent sit amet lorem vitae massa hendrerit auctor. Sed sit amet urna. Aenean sapien nunc, imperdiet a, pharetra in, consequat eu, neque. Phasellus vel sem gravida augue consequat tempor. Curabitur eget mauris at pede varius facilisis.</p>\n\n<p>Morbi ut sapien. Morbi arcu mauris, suscipit congue, placerat sit amet, suscipit a, ante. Donec aliquet dui ac nunc. Mauris magna quam, aliquet quis, viverra eu, fringilla eget, purus. Donec tristique pretium sem.</p>\n\n<p>Lorem ipsum dolor sit amet, consectetuer adipiscing elit. Sed eleifend urna eu sapien. Quisque posuere nunc eu massa. Praesent bibendum lorem non leo. Morbi volutpat, urna eu fermentum rutrum, ligula lacus interdum mauris, ac pulvinar libero pede a enim. Etiam commodo malesuada ante. Donec nec ligula. Curabitur mollis semper diam.</p>\n\n<p>Duis viverra nibh a felis condimentum pretium. Nullam tristique lacus non purus. Donec vel felis. Etiam et sapien. Pellentesque nec quam a justo tincidunt laoreet. Aenean id enim. Donec lorem arcu, eleifend venenatis, rhoncus mollis, semper at, dui. Praesent velit tellus, adipiscing et, blandit convallis, dictum at, dui. Integer suscipit tortor in orci. Phasellus consequat. Quisque dictum convallis pede.</p>\n\n<p>Mauris viverra scelerisque mauris. Nulla facilisis, elit malesuada pretium egestas, dolor arcu commodo est, at egestas massa tortor ut ante. Etiam eget libero. Aenean pretium, tellus sed sodales semper, turpis purus aliquet orci, pulvinar ornare odio tortor sit amet dui.</p>\n\n<p>Aenean id orci. Cum sociis natoque penatibus et magnis dis parturient montes, nascetur ridiculus mus. Vivamus magna. Mauris tincidunt iaculis enim. Duis a mi vitae sapien dapibus tincidunt. Proin metus.</p>\n\n<p>Proin cursus, libero non auctor faucibus, urna mi vestibulum orci, sit amet fermentum nibh purus eget enim. Aenean aliquet ligula nec nulla. Praesent sit amet lorem vitae massa hendrerit auctor. Sed sit amet urna. Aenean sapien nunc, imperdiet a, pharetra in, consequat eu, neque. Phasellus vel sem gravida augue consequat tempor. Curabitur eget mauris at pede varius facilisis.</p>\n\n<p>Morbi ut sapien. Morbi arcu mauris, suscipit congue, placerat sit amet, suscipit a, ante. Donec aliquet dui ac nunc. Mauris magna quam, aliquet quis, viverra eu, fringilla eget, purus. Donec tristique pretium sem.</p>\n\n<p>Lorem ipsum dolor sit amet, consectetuer adipiscing elit. Sed eleifend urna eu sapien. Quisque posuere nunc eu massa. Praesent bibendum lorem non leo. Morbi volutpat, urna eu fermentum rutrum, ligula lacus interdum mauris, ac pulvinar libero pede a enim. Etiam commodo malesuada ante. Donec nec ligula. Curabitur mollis semper diam.</p>\n\n<p>Duis viverra nibh a felis condimentum pretium. Nullam tristique lacus non purus. Donec vel felis. Etiam et sapien. Pellentesque nec quam a justo tincidunt laoreet. Aenean id enim. Donec lorem arcu, eleifend venenatis, rhoncus mollis, semper at, dui. Praesent velit tellus, adipiscing et, blandit convallis, dictum at, dui. Integer suscipit tortor in orci. Phasellus consequat. Quisque dictum convallis pede.</p>\n\n<p>Mauris viverra scelerisque mauris. Nulla facilisis, elit malesuada pretium egestas, dolor arcu commodo est, at egestas massa tortor ut ante. Etiam eget libero. Aenean pretium, tellus sed sodales semper, turpis purus aliquet orci, pulvinar ornare odio tortor sit amet dui.</p>\n\n<p>Aenean id orci. Cum sociis natoque penatibus et magnis dis parturient montes, nascetur ridiculus mus. Vivamus magna. Mauris tincidunt iaculis enim. Duis a mi vitae sapien dapibus tincidunt. Proin metus.</p>\n\n<p>Proin cursus, libero non auctor faucibus, urna mi vestibulum orci, sit amet fermentum nibh purus eget enim. Aenean aliquet ligula nec nulla. Praesent sit amet lorem vitae massa hendrerit auctor. Sed sit amet urna. Aenean sapien nunc, imperdiet a, pharetra in, consequat eu, neque. Phasellus vel sem gravida augue consequat tempor. Curabitur eget mauris at pede varius facilisis.</p>\n\n<p>Morbi ut sapien. Morbi arcu mauris, suscipit congue, placerat sit amet, suscipit a, ante. Donec aliquet dui ac nunc. Mauris magna quam, aliquet quis, viverra eu, fringilla eget, purus. Donec tristique pretium sem.</p>\n\n<p>Lorem ipsum dolor sit amet, consectetuer adipiscing elit. Sed eleifend urna eu sapien. Quisque posuere nunc eu massa. Praesent bibendum lorem non leo. Morbi volutpat, urna eu fermentum rutrum, ligula lacus interdum mauris, ac pulvinar libero pede a enim. Etiam commodo malesuada ante. Donec nec ligula. Curabitur mollis semper diam.</p>\n\n<p>Duis viverra nibh a felis condimentum pretium. Nullam tristique lacus non purus. Donec vel felis. Etiam et sapien. Pellentesque nec quam a justo tincidunt laoreet. Aenean id enim. Donec lorem arcu, eleifend venenatis, rhoncus mollis, semper at, dui. Praesent velit tellus, adipiscing et, blandit convallis, dictum at, dui. Integer suscipit tortor in orci. Phasellus consequat. Quisque dictum convallis pede.</p>\n\n<p>Mauris viverra scelerisque mauris. Nulla facilisis, elit malesuada pretium egestas, dolor arcu commodo est, at egestas massa tortor ut ante. Etiam eget libero. Aenean pretium, tellus sed sodales semper, turpis purus aliquet orci, pulvinar ornare odio tortor sit amet dui.</p>\n\n<p>Aenean id orci. Cum sociis natoque penatibus et magnis dis parturient montes, nascetur ridiculus mus. Vivamus magna. Mauris tincidunt iaculis enim. Duis a mi vitae sapien dapibus tincidunt. Proin metus.</p>\n\n<p>Proin cursus, libero non auctor faucibus, urna mi vestibulum orci, sit amet fermentum nibh purus eget enim. Aenean aliquet ligula nec nulla. Praesent sit amet lorem vitae massa hendrerit auctor. Sed sit amet urna. Aenean sapien nunc, imperdiet a, pharetra in, consequat eu, neque. Phasellus vel sem gravida augue consequat tempor. Curabitur eget mauris at pede varius facilisis.</p>\n\n<p>Morbi ut sapien. Morbi arcu mauris, suscipit congue, placerat sit amet, suscipit a, ante. Donec aliquet dui ac nunc. Mauris magna quam, aliquet quis, viverra eu, fringilla eget, purus. Donec tristique pretium sem.</p>\n\n<p>Lorem ipsum dolor sit amet, consectetuer adipiscing elit. Sed eleifend urna eu sapien. Quisque posuere nunc eu massa. Praesent bibendum lorem non leo. Morbi volutpat, urna eu fermentum rutrum, ligula lacus interdum mauris, ac pulvinar libero pede a enim. Etiam commodo malesuada ante. Donec nec ligula. Curabitur mollis semper diam.</p>\n\n<p>Duis viverra nibh a felis condimentum pretium. Nullam tristique lacus non purus. Donec vel felis. Etiam et sapien. Pellentesque nec quam a justo tincidunt laoreet. Aenean id enim. Donec lorem arcu, eleifend venenatis, rhoncus mollis, semper at, dui. Praesent velit tellus, adipiscing et, blandit convallis, dictum at, dui. Integer suscipit tortor in orci. Phasellus consequat. Quisque dictum convallis pede.</p>\n\n<p>Mauris viverra scelerisque mauris. Nulla facilisis, elit malesuada pretium egestas, dolor arcu commodo est, at egestas massa tortor ut ante. Etiam eget libero. Aenean pretium, tellus sed sodales semper, turpis purus aliquet orci, pulvinar ornare odio tortor sit amet dui.</p>\n\n<p>Aenean id orci. Cum sociis natoque penatibus et magnis dis parturient montes, nascetur ridiculus mus. Vivamus magna. Mauris tincidunt iaculis enim. Duis a mi vitae sapien dapibus tincidunt. Proin metus.</p>\n\n<p>Proin cursus, libero non auctor faucibus, urna mi vestibulum orci, sit amet fermentum nibh purus eget enim. Aenean aliquet ligula nec nulla. Praesent sit amet lorem vitae massa hendrerit auctor. Sed sit amet urna. Aenean sapien nunc, imperdiet a, pharetra in, consequat eu, neque. Phasellus vel sem gravida augue consequat tempor. Curabitur eget mauris at pede varius facilisis.</p>\n\n<p>Morbi ut sapien. Morbi arcu mauris, suscipit congue, placerat sit amet, suscipit a, ante. Donec aliquet dui ac nunc. Mauris magna quam, aliquet quis, viverra eu, fringilla eget, purus. Donec tristique pretium sem.</p>\n\n<p>Lorem ipsum dolor sit amet, consectetuer adipiscing elit. Sed eleifend urna eu sapien. Quisque posuere nunc eu massa. Praesent bibendum lorem non leo. Morbi volutpat, urna eu fermentum rutrum, ligula lacus interdum mauris, ac pulvinar libero pede a enim. Etiam commodo malesuada ante. Donec nec ligula. Curabitur mollis semper diam.</p>\n\n<p>Duis viverra nibh a felis condimentum pretium. Nullam tristique lacus non purus. Donec vel felis. Etiam et sapien. Pellentesque nec quam a justo tincidunt laoreet. Aenean id enim. Donec lorem arcu, eleifend venenatis, rhoncus mollis, semper at, dui. Praesent velit tellus, adipiscing et, blandit convallis, dictum at, dui. Integer suscipit tortor in orci. Phasellus consequat. Quisque dictum convallis pede.</p>\n\n<p>Mauris viverra scelerisque mauris. Nulla facilisis, elit malesuada pretium egestas, dolor arcu commodo est, at egestas massa tortor ut ante. Etiam eget libero. Aenean pretium, tellus sed sodales semper, turpis purus aliquet orci, pulvinar ornare odio tortor sit amet dui.</p>\n\n<p>Aenean id orci. Cum sociis natoque penatibus et magnis dis parturient montes, nascetur ridiculus mus. Vivamus magna. Mauris tincidunt iaculis enim. Duis a mi vitae sapien dapibus tincidunt. Proin metus.</p>\n\n<p>Proin cursus, libero non auctor faucibus, urna mi vestibulum orci, sit amet fermentum nibh purus eget enim. Aenean aliquet ligula nec nulla. Praesent sit amet lorem vitae massa hendrerit auctor. Sed sit amet urna. Aenean sapien nunc, imperdiet a, pharetra in, consequat eu, neque. Phasellus vel sem gravida augue consequat tempor. Curabitur eget mauris at pede varius facilisis.</p>\n\n<p>Morbi ut sapien. Morbi arcu mauris, suscipit congue, placerat sit amet, suscipit a, ante. Donec aliquet dui ac nunc. Mauris magna quam, aliquet quis, viverra eu, fringilla eget, purus. Donec tristique pretium sem.</p>\n\n<p>Lorem ipsum dolor sit amet, consectetuer adipiscing elit. Sed eleifend urna eu sapien. Quisque posuere nunc eu massa. Praesent bibendum lorem non leo. Morbi volutpat, urna eu fermentum rutrum, ligula lacus interdum mauris, ac pulvinar libero pede a enim. Etiam commodo malesuada ante. Donec nec ligula. Curabitur mollis semper diam.</p>\n\n<p>Duis viverra nibh a felis condimentum pretium. Nullam tristique lacus non purus. Donec vel felis. Etiam et sapien. Pellentesque nec quam a justo tincidunt laoreet. Aenean id enim. Donec lorem arcu, eleifend venenatis, rhoncus mollis, semper at, dui. Praesent velit tellus, adipiscing et, blandit convallis, dictum at, dui. Integer suscipit tortor in orci. Phasellus consequat. Quisque dictum convallis pede.</p>\n\n<p>Mauris viverra scelerisque mauris. Nulla facilisis, elit malesuada pretium egestas, dolor arcu commodo est, at egestas massa tortor ut ante. Etiam eget libero. Aenean pretium, tellus sed sodales semper, turpis purus aliquet orci, pulvinar ornare odio tortor sit amet dui.</p>\n\n<p>Aenean id orci. Cum sociis natoque penatibus et magnis dis parturient montes, nascetur ridiculus mus. Vivamus magna. Mauris tincidunt iaculis enim. Duis a mi vitae sapien dapibus tincidunt. Proin metus.</p>\n\n<p>Proin cursus, libero non auctor faucibus, urna mi vestibulum orci, sit amet fermentum nibh purus eget enim. Aenean aliquet ligula nec nulla. Praesent sit amet lorem vitae massa hendrerit auctor. Sed sit amet urna. Aenean sapien nunc, imperdiet a, pharetra in, consequat eu, neque. Phasellus vel sem gravida augue consequat tempor. Curabitur eget mauris at pede varius facilisis.</p>\n\n<p>Morbi ut sapien. Morbi arcu mauris, suscipit congue, placerat sit amet, suscipit a, ante. Donec aliquet dui ac nunc. Mauris magna quam, aliquet quis, viverra eu, fringilla eget, purus. Donec tristique pretium sem.</p>\n\n<p>Lorem ipsum dolor sit amet, consectetuer adipiscing elit. Sed eleifend urna eu sapien. Quisque posuere nunc eu massa. Praesent bibendum lorem non leo. Morbi volutpat, urna eu fermentum rutrum, ligula lacus interdum mauris, ac pulvinar libero pede a enim. Etiam commodo malesuada ante. Donec nec ligula. Curabitur mollis semper diam.</p>\n\n<p>Duis viverra nibh a felis condimentum pretium. Nullam tristique lacus non purus. Donec vel felis. Etiam et sapien. Pellentesque nec quam a justo tincidunt laoreet. Aenean id enim. Donec lorem arcu, eleifend venenatis, rhoncus mollis, semper at, dui. Praesent velit tellus, adipiscing et, blandit convallis, dictum at, dui. Integer suscipit tortor in orci. Phasellus consequat. Quisque dictum convallis pede.</p>\n\n<p>Mauris viverra scelerisque mauris. Nulla facilisis, elit malesuada pretium egestas, dolor arcu commodo est, at egestas massa tortor ut ante. Etiam eget libero. Aenean pretium, tellus sed sodales semper, turpis purus aliquet orci, pulvinar ornare odio tortor sit amet dui.</p>\n\n<p>Aenean id orci. Cum sociis natoque penatibus et magnis dis parturient montes, nascetur ridiculus mus. Vivamus magna. Mauris tincidunt iaculis enim. Duis a mi vitae sapien dapibus tincidunt. Proin metus.</p>\n\n<p>Proin cursus, libero non auctor faucibus, urna mi vestibulum orci, sit amet fermentum nibh purus eget enim. Aenean aliquet ligula nec nulla. Praesent sit amet lorem vitae massa hendrerit auctor. Sed sit amet urna. Aenean sapien nunc, imperdiet a, pharetra in, consequat eu, neque. Phasellus vel sem gravida augue consequat tempor. Curabitur eget mauris at pede varius facilisis.</p>\n\n<p>Morbi ut sapien. Morbi arcu mauris, suscipit congue, placerat sit amet, suscipit a, ante. Donec aliquet dui ac nunc. Mauris magna quam, aliquet quis, viverra eu, fringilla eget, purus. Donec tristique pretium sem.</p>\n\n<p>Lorem ipsum dolor sit amet, consectetuer adipiscing elit. Sed eleifend urna eu sapien. Quisque posuere nunc eu massa. Praesent bibendum lorem non leo. Morbi volutpat, urna eu fermentum rutrum, ligula lacus interdum mauris, ac pulvinar libero pede a enim. Etiam commodo malesuada ante. Donec nec ligula. Curabitur mollis semper diam.</p>\n\n<p>Duis viverra nibh a felis condimentum pretium. Nullam tristique lacus non purus. Donec vel felis. Etiam et sapien. Pellentesque nec quam a justo tincidunt laoreet. Aenean id enim. Donec lorem arcu, eleifend venenatis, rhoncus mollis, semper at, dui. Praesent velit tellus, adipiscing et, blandit convallis, dictum at, dui. Integer suscipit tortor in orci. Phasellus consequat. Quisque dictum convallis pede.</p>\n\n<p>Mauris viverra scelerisque mauris. Nulla facilisis, elit malesuada pretium egestas, dolor arcu commodo est, at egestas massa tortor ut ante. Etiam eget libero. Aenean pretium, tellus sed sodales semper, turpis purus aliquet orci, pulvinar ornare odio tortor sit amet dui.</p>\n\n<p>Aenean id orci. Cum sociis natoque penatibus et magnis dis parturient montes, nascetur ridiculus mus. Vivamus magna. Mauris tincidunt iaculis enim. Duis a mi vitae sapien dapibus tincidunt. Proin metus.</p>\n\n<p>Proin cursus, libero non auctor faucibus, urna mi vestibulum orci, sit amet fermentum nibh purus eget enim. Aenean aliquet ligula nec nulla. Praesent sit amet lorem vitae massa hendrerit auctor. Sed sit amet urna. Aenean sapien nunc, imperdiet a, pharetra in, consequat eu, neque. Phasellus vel sem gravida augue consequat tempor. Curabitur eget mauris at pede varius facilisis.</p>\n\n<p>Morbi ut sapien. Morbi arcu mauris, suscipit congue, placerat sit amet, suscipit a, ante. Donec aliquet dui ac nunc. Mauris magna quam, aliquet quis, viverra eu, fringilla eget, purus. Donec tristique pretium sem.</p>","image":null,"featured":0,"page":0,"status":"published","language":"en_US","meta_title":null,"meta_description":null,"author_id":1,"created_at":1381601793670,"created_by":1,"updated_at":1381603538710,"updated_by":1,"published_at":1381431600000,"published_by":1},{"id":17,"uuid":"86de594d-9215-4b3c-a12e-82302d7bed8c","title":"Post with Text","slug":"post-with-text-2","markdown":"Lorem ipsum dolor sit amet, consectetuer adipiscing elit. Sed eleifend urna eu sapien. Quisque posuere nunc eu massa. Praesent bibendum lorem non leo. Morbi volutpat, urna eu fermentum rutrum, ligula lacus interdum mauris, ac pulvinar libero pede a enim. Etiam commodo malesuada ante. Donec nec ligula. Curabitur mollis semper diam.\n\nDuis viverra nibh a felis condimentum pretium. Nullam tristique lacus non purus. Donec vel felis. Etiam et sapien. Pellentesque nec quam a justo tincidunt laoreet. Aenean id enim. Donec lorem arcu, eleifend venenatis, rhoncus mollis, semper at, dui. Praesent velit tellus, adipiscing et, blandit convallis, dictum at, dui. Integer suscipit tortor in orci. Phasellus consequat. Quisque dictum convallis pede.\n\nMauris viverra scelerisque mauris. Nulla facilisis, elit malesuada pretium egestas, dolor arcu commodo est, at egestas massa tortor ut ante. Etiam eget libero. Aenean pretium, tellus sed sodales semper, turpis purus aliquet orci, pulvinar ornare odio tortor sit amet dui.\n\nAenean id orci. Cum sociis natoque penatibus et magnis dis parturient montes, nascetur ridiculus mus. Vivamus magna. Mauris tincidunt iaculis enim. Duis a mi vitae sapien dapibus tincidunt. Proin metus.\n\nProin cursus, libero non auctor faucibus, urna mi vestibulum orci, sit amet fermentum nibh purus eget enim. Aenean aliquet ligula nec nulla. Praesent sit amet lorem vitae massa hendrerit auctor. Sed sit amet urna. Aenean sapien nunc, imperdiet a, pharetra in, consequat eu, neque. Phasellus vel sem gravida augue consequat tempor. Curabitur eget mauris at pede varius facilisis.\n\nMorbi ut sapien. Morbi arcu mauris, suscipit congue, placerat sit amet, suscipit a, ante. Donec aliquet dui ac nunc. Mauris magna quam, aliquet quis, viverra eu, fringilla eget, purus. Donec tristique pretium sem.","html":"<p>Lorem ipsum dolor sit amet, consectetuer adipiscing elit. Sed eleifend urna eu sapien. Quisque posuere nunc eu massa. Praesent bibendum lorem non leo. Morbi volutpat, urna eu fermentum rutrum, ligula lacus interdum mauris, ac pulvinar libero pede a enim. Etiam commodo malesuada ante. Donec nec ligula. Curabitur mollis semper diam.</p>\n\n<p>Duis viverra nibh a felis condimentum pretium. Nullam tristique lacus non purus. Donec vel felis. Etiam et sapien. Pellentesque nec quam a justo tincidunt laoreet. Aenean id enim. Donec lorem arcu, eleifend venenatis, rhoncus mollis, semper at, dui. Praesent velit tellus, adipiscing et, blandit convallis, dictum at, dui. Integer suscipit tortor in orci. Phasellus consequat. Quisque dictum convallis pede.</p>\n\n<p>Mauris viverra scelerisque mauris. Nulla facilisis, elit malesuada pretium egestas, dolor arcu commodo est, at egestas massa tortor ut ante. Etiam eget libero. Aenean pretium, tellus sed sodales semper, turpis purus aliquet orci, pulvinar ornare odio tortor sit amet dui.</p>\n\n<p>Aenean id orci. Cum sociis natoque penatibus et magnis dis parturient montes, nascetur ridiculus mus. Vivamus magna. Mauris tincidunt iaculis enim. Duis a mi vitae sapien dapibus tincidunt. Proin metus.</p>\n\n<p>Proin cursus, libero non auctor faucibus, urna mi vestibulum orci, sit amet fermentum nibh purus eget enim. Aenean aliquet ligula nec nulla. Praesent sit amet lorem vitae massa hendrerit auctor. Sed sit amet urna. Aenean sapien nunc, imperdiet a, pharetra in, consequat eu, neque. Phasellus vel sem gravida augue consequat tempor. Curabitur eget mauris at pede varius facilisis.</p>\n\n<p>Morbi ut sapien. Morbi arcu mauris, suscipit congue, placerat sit amet, suscipit a, ante. Donec aliquet dui ac nunc. Mauris magna quam, aliquet quis, viverra eu, fringilla eget, purus. Donec tristique pretium sem.</p>","image":null,"featured":0,"page":0,"status":"published","language":"en_US","meta_title":null,"meta_description":null,"author_id":1,"created_at":1381601812028,"created_by":1,"updated_at":1381603529694,"updated_by":1,"published_at":1381345200000,"published_by":1},{"id":26,"uuid":"35d73e66-132f-48e8-9daf-02aa05608ae1","title":"All the Headings","slug":"all-the-headings","markdown":"Etiam et sapien. Pellentesque nec quam a justo tincidunt laoreet. Aenean id enim. Donec lorem arcu, eleifend venenatis, rhoncus mollis, semper at, dui.\n\n#H1 Heading\n\nLorem ipsum dolor sit amet, consectetuer adipiscing elit. Sed eleifend urna eu sapien. Quisque posuere nunc eu massa. Praesent bibendum lorem non leo. Morbi volutpat, urna eu fermentum rutrum, ligula lacus interdum mauris, ac pulvinar libero pede a enim. Etiam commodo malesuada ante. Donec nec ligula. Curabitur mollis semper diam.\n\n##H2 Heading\n\nDuis viverra nibh a felis condimentum pretium. Nullam tristique lacus non purus. Donec vel felis. Etiam et sapien. Pellentesque nec quam a justo tincidunt laoreet. Aenean id enim. Donec lorem arcu, eleifend venenatis, rhoncus mollis, semper at, dui. Praesent velit tellus, adipiscing et, blandit convallis, dictum at, dui. Integer suscipit tortor in orci. Phasellus consequat. Quisque dictum convallis pede.\n\n###H3 Heading\n\nMauris viverra scelerisque mauris. Nulla facilisis, elit malesuada pretium egestas, dolor arcu commodo est, at egestas massa tortor ut ante. Etiam eget libero. Aenean pretium, tellus sed sodales semper, turpis purus aliquet orci, pulvinar ornare odio tortor sit amet dui.\n\n####H4 Heading\n\nAenean id orci. Cum sociis natoque penatibus et magnis dis parturient montes, nascetur ridiculus mus. Vivamus magna. Mauris tincidunt iaculis enim. Duis a mi vitae sapien dapibus tincidunt. Proin metus.\n\n#####H5 Heading\n\nProin cursus, libero non auctor faucibus, urna mi vestibulum orci, sit amet fermentum nibh purus eget enim. Aenean aliquet ligula nec nulla. Praesent sit amet lorem vitae massa hendrerit auctor. Sed sit amet urna. Aenean sapien nunc, imperdiet a, pharetra in, consequat eu, neque. Phasellus vel sem gravida augue consequat tempor. Curabitur eget mauris at pede varius facilisis.\n\n######H6 Heading\n\nMauris viverra scelerisque mauris. Nulla facilisis, elit malesuada pretium egestas, dolor arcu commodo est, at egestas massa tortor ut ante. Etiam eget libero. Aenean pretium, tellus sed sodales semper, turpis purus aliquet orci, pulvinar ornare odio tortor sit amet dui.","html":"<p>Etiam et sapien. Pellentesque nec quam a justo tincidunt laoreet. Aenean id enim. Donec lorem arcu, eleifend venenatis, rhoncus mollis, semper at, dui.</p>\n\n<h1 id=\"h1heading\">H1 Heading</h1>\n\n<p>Lorem ipsum dolor sit amet, consectetuer adipiscing elit. Sed eleifend urna eu sapien. Quisque posuere nunc eu massa. Praesent bibendum lorem non leo. Morbi volutpat, urna eu fermentum rutrum, ligula lacus interdum mauris, ac pulvinar libero pede a enim. Etiam commodo malesuada ante. Donec nec ligula. Curabitur mollis semper diam.</p>\n\n<h2 id=\"h2heading\">H2 Heading</h2>\n\n<p>Duis viverra nibh a felis condimentum pretium. Nullam tristique lacus non purus. Donec vel felis. Etiam et sapien. Pellentesque nec quam a justo tincidunt laoreet. Aenean id enim. Donec lorem arcu, eleifend venenatis, rhoncus mollis, semper at, dui. Praesent velit tellus, adipiscing et, blandit convallis, dictum at, dui. Integer suscipit tortor in orci. Phasellus consequat. Quisque dictum convallis pede.</p>\n\n<h3 id=\"h3heading\">H3 Heading</h3>\n\n<p>Mauris viverra scelerisque mauris. Nulla facilisis, elit malesuada pretium egestas, dolor arcu commodo est, at egestas massa tortor ut ante. Etiam eget libero. Aenean pretium, tellus sed sodales semper, turpis purus aliquet orci, pulvinar ornare odio tortor sit amet dui.</p>\n\n<h4 id=\"h4heading\">H4 Heading</h4>\n\n<p>Aenean id orci. Cum sociis natoque penatibus et magnis dis parturient montes, nascetur ridiculus mus. Vivamus magna. Mauris tincidunt iaculis enim. Duis a mi vitae sapien dapibus tincidunt. Proin metus.</p>\n\n<h5 id=\"h5heading\">H5 Heading</h5>\n\n<p>Proin cursus, libero non auctor faucibus, urna mi vestibulum orci, sit amet fermentum nibh purus eget enim. Aenean aliquet ligula nec nulla. Praesent sit amet lorem vitae massa hendrerit auctor. Sed sit amet urna. Aenean sapien nunc, imperdiet a, pharetra in, consequat eu, neque. Phasellus vel sem gravida augue consequat tempor. Curabitur eget mauris at pede varius facilisis.</p>\n\n<h6 id=\"h6heading\">H6 Heading</h6>\n\n<p>Mauris viverra scelerisque mauris. Nulla facilisis, elit malesuada pretium egestas, dolor arcu commodo est, at egestas massa tortor ut ante. Etiam eget libero. Aenean pretium, tellus sed sodales semper, turpis purus aliquet orci, pulvinar ornare odio tortor sit amet dui.</p>","image":null,"featured":0,"page":0,"status":"published","language":"en_US","meta_title":null,"meta_description":null,"author_id":1,"created_at":1381602702739,"created_by":1,"updated_at":1381603751538,"updated_by":1,"published_at":1381518000000,"published_by":1},{"id":27,"uuid":"85f2555b-67b0-4798-8cce-fe23978374d7","title":"Formatted Text","slug":"formatted-text","markdown":"Lorem **bold** dolor sit __emphasize__, consectetuer `inline code` elit. Sed eleifend urna eu sapien. Quisque ~~strike-through~~ nunc eu massa. Praesent bibendum lorem non leo. **Morbi** ~~volutpat~~, urna eu __fermentum__ rutrum, ``ligula lacus interdum mauris``, ac pulvinar libero pede a enim. Etiam commodo malesuada ante. Donec nec ligula. Curabitur mollis semper diam.\n\nDuis viverra nibh a felis condimentum pretium. Nullam tristique lacus non purus. Donec vel felis. Etiam et sapien. Pellentesque nec quam a justo tincidunt laoreet. Aenean id enim. Donec lorem arcu, eleifend venenatis, rhoncus mollis, semper at, dui. Praesent velit tellus, adipiscing et, blandit convallis, dictum at, dui. Integer suscipit tortor in orci. Phasellus consequat. Quisque dictum convallis pede.\n\nMauris viverra scelerisque mauris. Nulla facilisis, elit malesuada pretium egestas, dolor arcu commodo est, at egestas massa tortor ut ante. Etiam eget libero. Aenean pretium, tellus sed sodales semper, turpis purus aliquet orci, pulvinar ornare odio tortor sit amet dui.","html":"<p>Lorem <strong>bold</strong> dolor sit <strong>emphasize</strong>, consectetuer <code>inline code</code> elit. Sed eleifend urna eu sapien. Quisque <del>strike-through</del> nunc eu massa. Praesent bibendum lorem non leo. <strong>Morbi</strong> <del>volutpat</del>, urna eu <strong>fermentum</strong> rutrum, <code>ligula lacus interdum mauris</code>, ac pulvinar libero pede a enim. Etiam commodo malesuada ante. Donec nec ligula. Curabitur mollis semper diam.</p>\n\n<p>Duis viverra nibh a felis condimentum pretium. Nullam tristique lacus non purus. Donec vel felis. Etiam et sapien. Pellentesque nec quam a justo tincidunt laoreet. Aenean id enim. Donec lorem arcu, eleifend venenatis, rhoncus mollis, semper at, dui. Praesent velit tellus, adipiscing et, blandit convallis, dictum at, dui. Integer suscipit tortor in orci. Phasellus consequat. Quisque dictum convallis pede.</p>\n\n<p>Mauris viverra scelerisque mauris. Nulla facilisis, elit malesuada pretium egestas, dolor arcu commodo est, at egestas massa tortor ut ante. Etiam eget libero. Aenean pretium, tellus sed sodales semper, turpis purus aliquet orci, pulvinar ornare odio tortor sit amet dui.</p>","image":null,"featured":0,"page":0,"status":"published","language":"en_US","meta_title":null,"meta_description":null,"author_id":1,"created_at":1381602937713,"created_by":1,"updated_at":1381603518263,"updated_by":1,"published_at":1381518000000,"published_by":1},{"id":28,"uuid":"d0127f0b-e17f-46bb-9931-e49822224fd1","title":"Post with Links","slug":"post-with-links","markdown":"Duis [viverra](http://www.example.com \"Link to www.example.com\") nibh a felis condimentum pretium. Nullam tristique lacus non purus. Donec vel felis. Etiam et sapien. Pellentesque nec quam a justo tincidunt laoreet. Aenean id enim. Donec lorem arcu, [eleifend](http://www.example.com \"Link to www.example.com\") venenatis, rhoncus mollis, semper at, dui. Praesent velit tellus, adipiscing et, blandit convallis, dictum at, dui. Integer [suscipit](http://www.example.com \"Link to www.example.com\") tortor in orci. Phasellus consequat. Quisque dictum convallis pede.\n","html":"<p>Duis <a href=\"http://www.example.com\" title=\"Link to www.example.com\">viverra</a> nibh a felis condimentum pretium. Nullam tristique lacus non purus. Donec vel felis. Etiam et sapien. Pellentesque nec quam a justo tincidunt laoreet. Aenean id enim. Donec lorem arcu, <a href=\"http://www.example.com\" title=\"Link to www.example.com\">eleifend</a> venenatis, rhoncus mollis, semper at, dui. Praesent velit tellus, adipiscing et, blandit convallis, dictum at, dui. Integer <a href=\"http://www.example.com\" title=\"Link to www.example.com\">suscipit</a> tortor in orci. Phasellus consequat. Quisque dictum convallis pede.</p>","image":null,"featured":0,"page":0,"status":"published","language":"en_US","meta_title":null,"meta_description":null,"author_id":1,"created_at":1381602955201,"created_by":1,"updated_at":1381603506035,"updated_by":1,"published_at":1381431600000,"published_by":1}],"users":[{"id":1,"uuid":"3d50f060-3a07-42e2-85be-abf80f2c8797","name":"ghost","slug":"ghost-post","password":"$2a$10$//CL74w.f36DmCTk3HCdiOf4.4XSCpQgZexVhKkP05wLKAx0/diJ6","email":"example@example.com","image":null,"cover":null,"bio":"This is the Bio from the User Profile settings.","website":"www.example.com","location":"San Francisco, CA","accessibility":null,"status":"active","language":"en_US","meta_title":null,"meta_description":null,"last_login":null,"created_at":1381600080119,"created_by":1,"updated_at":1381600269838,"updated_by":1}],"roles":[{"id":1,"uuid":"0ae3c049-036c-48b9-baa5-10d3abf8edb2","name":"Administrator","description":"Administrators","created_at":1381599915970,"created_by":1,"updated_at":1381599915970,"updated_by":1},{"id":2,"uuid":"3f256e6f-3a49-4181-8db5-dc7aa5dbb867","name":"Editor","description":"Editors","created_at":1381599916078,"created_by":1,"updated_at":1381599916078,"updated_by":1},{"id":3,"uuid":"61471162-7af2-4422-bbb6-41db64fe06f5","name":"Author","description":"Authors","created_at":1381599916188,"created_by":1,"updated_at":1381599916188,"updated_by":1}],"roles_users":[{"id":1,"role_id":1,"user_id":1}],"permissions":[{"id":1,"uuid":"b924b4c1-68bc-4a3e-bc6d-f6142a8dbb26","name":"Edit posts","object_type":"post","action_type":"edit","object_id":null,"created_at":1381599916354,"created_by":1,"updated_at":1381599916354,"updated_by":1},{"id":2,"uuid":"df00369b-8eb2-4562-afe4-673ede07295d","name":"Remove posts","object_type":"post","action_type":"remove","object_id":null,"created_at":1381599916463,"created_by":1,"updated_at":1381599916463,"updated_by":1},{"id":3,"uuid":"3326de6a-e4d5-455b-96a2-17cf14d09a01","name":"Create posts","object_type":"post","action_type":"create","object_id":null,"created_at":1381599916572,"created_by":1,"updated_at":1381599916572,"updated_by":1}],"permissions_users":[],"permissions_roles":[{"id":1,"role_id":1,"permission_id":1},{"id":2,"role_id":1,"permission_id":2},{"id":3,"role_id":1,"permission_id":3}],"settings":[{"id":1,"uuid":"636097fd-dab8-4efe-9ed5-adefb02bb6bb","key":"databaseVersion","value":"000","type":"core","created_at":1381599916701,"created_by":1,"updated_at":1381599916701,"updated_by":1},{"id":2,"uuid":"bd7082c0-9718-4825-b5a0-67e318495980","key":"title","value":"Ghost","type":"blog","created_at":1381599916702,"created_by":1,"updated_at":1381600328892,"updated_by":1},{"id":3,"uuid":"041c4269-6849-4080-8269-e5a9de73ba24","key":"description","value":"Just a blogging platform.","type":"blog","created_at":1381599916702,"created_by":1,"updated_at":1381600328894,"updated_by":1},{"id":4,"uuid":"ae31c60b-3873-43f9-b01c-d2268d68345e","key":"email","value":"example@example.com","type":"blog","created_at":1381599916703,"created_by":1,"updated_at":1381600328896,"updated_by":1},{"id":5,"uuid":"46b5f9e9-eb0c-427a-b93e-70bd133f5b21","key":"logo","value":"","type":"blog","created_at":1381599916705,"created_by":1,"updated_at":1381600328898,"updated_by":1},{"id":6,"uuid":"68aef592-c5ca-452d-bff3-3f478eb20987","key":"cover","value":"","type":"blog","created_at":1381599916705,"created_by":1,"updated_at":1381600328900,"updated_by":1},{"id":7,"uuid":"fbfd460d-129d-4efc-b614-dfb0cb86cde9","key":"defaultLang","value":"en_US","type":"blog","created_at":1381599916705,"created_by":1,"updated_at":1381600328901,"updated_by":1},{"id":8,"uuid":"2af9f71f-e602-4bc1-ab31-83d9d24872fc","key":"postsPerPage","value":"6","type":"blog","created_at":1381599916706,"created_by":1,"updated_at":1381600328903,"updated_by":1},{"id":9,"uuid":"c704aae8-0f45-4590-8e05-bd956631bb53","key":"forceI18n","value":"true","type":"blog","created_at":1381599916706,"created_by":1,"updated_at":1381600328905,"updated_by":1},{"id":10,"uuid":"c529a3ac-339d-4a14-b6da-68c3626c2792","key":"activeTheme","value":"casper","type":"theme","created_at":1381599916707,"created_by":1,"updated_at":1381600328907,"updated_by":1},{"id":11,"uuid":"6ca59f76-ca17-4fa0-9614-d0f502d5600c","key":"activePlugins","value":"[]","type":"plugin","created_at":1381599916708,"created_by":1,"updated_at":1381599916708,"updated_by":1},{"id":12,"uuid":"87207ab1-dd59-4a48-8d6f-91fc01eee674","key":"installedPlugins","value":"[]","type":"plugin","created_at":1381599916708,"created_by":1,"updated_at":1381600120826,"updated_by":1},{"id":13,"uuid":"031c56a0-a45b-4dd4-9b31-1bcd71b38229","key":"dbHash","value":"4ef9686a-b658-448f-8034-a93eb5812d7d","type":"core","created_at":1381599918484,"created_by":1,"updated_at":1381599918484,"updated_by":1}],"tags":[{"id":1,"uuid":"95b9e0ca-15fc-4c18-bee9-235fb5135b31","name":"Getting Started","slug":"getting-started","description":null,"parent_id":null,"meta_title":null,"meta_description":null,"created_at":1381599915845,"created_by":1,"updated_at":1381599915845,"updated_by":1},{"id":2,"uuid":"2a6bd39b-fbd2-4f7d-be33-86f75f2644b0","name":"Child Category I","slug":"child-category-i","description":"","parent_id":null,"meta_title":null,"meta_description":null,"created_at":1381600136526,"created_by":1,"updated_at":1381600136526,"updated_by":1},{"id":3,"uuid":"ef7eea3d-588c-49ef-9933-fc4592df945c","name":"Child Category II","slug":"child-category-ii","description":"","parent_id":null,"meta_title":null,"meta_description":null,"created_at":1381600136530,"created_by":1,"updated_at":1381600136530,"updated_by":1},{"id":4,"uuid":"c0ca8869-da26-476e-afb2-f97e4c31dc73","name":"Child Category III","slug":"child-category-iii","description":"","parent_id":null,"meta_title":null,"meta_description":null,"created_at":1381600136532,"created_by":1,"updated_at":1381600136532,"updated_by":1},{"id":5,"uuid":"d032dae3-a6bd-43ac-9eaa-a2332535d496","name":"Grandchild Category I","slug":"grandchild-category-i","description":"","parent_id":null,"meta_title":null,"meta_description":null,"created_at":1381600136536,"created_by":1,"updated_at":1381600136536,"updated_by":1},{"id":6,"uuid":"36f74f22-bb42-4ae7-80d6-2feccaee23ef","name":"Parent Category I","slug":"parent-category-i","description":"","parent_id":null,"meta_title":null,"meta_description":null,"created_at":1381600136537,"created_by":1,"updated_at":1381600136537,"updated_by":1},{"id":7,"uuid":"69c65769-c8a8-4751-8efd-3f16fd4ba3d8","name":"Parent Category II","slug":"parent-category-ii","description":"","parent_id":null,"meta_title":null,"meta_description":null,"created_at":1381600136539,"created_by":1,"updated_at":1381600136539,"updated_by":1},{"id":8,"uuid":"22e2a40e-9a88-484f-9405-0348e19c44a9","name":"Parent Category III","slug":"parent-category-iii","description":"","parent_id":null,"meta_title":null,"meta_description":null,"created_at":1381600136541,"created_by":1,"updated_at":1381600136541,"updated_by":1},{"id":9,"uuid":"df71da86-5eb4-445d-8710-673d7ec7d354","name":"Uncategorized","slug":"uncategorized","description":"","parent_id":null,"meta_title":null,"meta_description":null,"created_at":1381600136544,"created_by":1,"updated_at":1381600136544,"updated_by":1},{"id":10,"uuid":"ac8b87f7-55d6-45f1-aa4d-e6b60330cd56","name":"tag1","slug":"tag1","description":"","parent_id":null,"meta_title":null,"meta_description":null,"created_at":1381600136545,"created_by":1,"updated_at":1381600136545,"updated_by":1},{"id":11,"uuid":"a40c6f9d-0aec-47b7-a9cc-16151aadc163","name":"tag2","slug":"tag2","description":"","parent_id":null,"meta_title":null,"meta_description":null,"created_at":1381600136547,"created_by":1,"updated_at":1381600136547,"updated_by":1},{"id":12,"uuid":"3b487fbc-9aaf-43d9-8803-d2cf93d5e74c","name":"tag3","slug":"tag3","description":"","parent_id":null,"meta_title":null,"meta_description":null,"created_at":1381600136548,"created_by":1,"updated_at":1381600136548,"updated_by":1},{"id":13,"uuid":"9e1e783e-78e9-4553-af3b-9ed884bbc3bf","name":"tag4","slug":"tag4","description":"","parent_id":null,"meta_title":null,"meta_description":null,"created_at":1381600136550,"created_by":1,"updated_at":1381600136550,"updated_by":1},{"id":14,"uuid":"1407e55f-adb9-43f5-a687-1c138270038a","name":"tag5","slug":"tag5","description":"","parent_id":null,"meta_title":null,"meta_description":null,"created_at":1381600136552,"created_by":1,"updated_at":1381600136552,"updated_by":1},{"id":15,"uuid":"e9aa0f6f-eb20-4bec-8869-8f3dcc538065","name":"tag6","slug":"tag6","description":"","parent_id":null,"meta_title":null,"meta_description":null,"created_at":1381600136554,"created_by":1,"updated_at":1381600136554,"updated_by":1},{"id":16,"uuid":"fb621450-f612-4293-84f8-8824b1d8742a","name":"tag7","slug":"tag7","description":"","parent_id":null,"meta_title":null,"meta_description":null,"created_at":1381600136557,"created_by":1,"updated_at":1381600136557,"updated_by":1},{"id":17,"uuid":"0150f260-afca-45d4-aeba-07af4b0dbea9","name":"Text","slug":"text","description":null,"parent_id":null,"meta_title":null,"meta_description":null,"created_at":1381601012770,"created_by":1,"updated_at":1381601012770,"updated_by":1},{"id":18,"uuid":"b9f7092c-e5e0-45c4-9915-395da904fefa","name":"Post","slug":"post-post","description":null,"parent_id":null,"meta_title":null,"meta_description":null,"created_at":1381601012771,"created_by":1,"updated_at":1381601012771,"updated_by":1},{"id":19,"uuid":"c2902645-4489-4891-88e5-96f4e50159e3","name":"Lorem","slug":"lorem","description":null,"parent_id":null,"meta_title":null,"meta_description":null,"created_at":1381601012771,"created_by":1,"updated_at":1381601012771,"updated_by":1},{"id":20,"uuid":"c2a990a9-3934-4d41-89ae-7fc1bded2939","name":"Markdown","slug":"markdown","description":null,"parent_id":null,"meta_title":null,"meta_description":null,"created_at":1381603492011,"created_by":1,"updated_at":1381603492011,"updated_by":1}],"posts_tags":[{"id":8,"post_id":3,"tag_id":10},{"id":9,"post_id":3,"tag_id":12},{"id":10,"post_id":3,"tag_id":16},{"id":18,"post_id":6,"tag_id":3},{"id":19,"post_id":6,"tag_id":5},{"id":20,"post_id":6,"tag_id":6},{"id":27,"post_id":8,"tag_id":11},{"id":28,"post_id":8,"tag_id":14},{"id":29,"post_id":8,"tag_id":16},{"id":44,"post_id":12,"tag_id":9},{"id":56,"post_id":1,"tag_id":10},{"id":57,"post_id":1,"tag_id":14},{"id":58,"post_id":1,"tag_id":19},{"id":59,"post_id":1,"tag_id":20}]}}